,index,Confirmed,Deaths,clusters
0,0,1715,25,1
1,1,5141,49,1
2,2,851,7,1
3,3,638,10,1
4,4,1580,15,1
5,5,597,14,1
6,6,911,39,1
7,7,3401,40,1
8,8,1144,42,1
9,9,583,15,1
10,10,1524,31,1
11,11,344,12,1
12,12,1070,17,1
13,13,554,7,1
14,14,335,6,1
15,15,1298,8,1
16,16,1629,26,1
17,17,530,11,1
18,18,167,3,1
19,19,1334,27,1
20,20,527,32,1
21,21,1868,18,1
22,22,1346,44,1
23,23,1759,26,1
24,24,2375,19,1
25,25,2596,47,1
26,26,1577,25,1
27,27,3402,47,1
28,28,435,8,1
29,29,1752,29,1
30,30,586,4,1
31,31,303,15,1
32,32,619,28,1
33,33,483,5,1
34,34,2764,23,1
35,35,1540,11,1
36,36,19306,349,0
37,37,357,2,1
38,38,1673,33,1
39,39,605,22,1
40,40,5792,61,1
41,41,2033,19,1
42,42,652,27,1
43,43,479,20,1
44,44,7709,78,1
45,45,705,19,1
46,46,954,29,1
47,47,3892,44,1
48,48,13233,291,1
49,49,580,8,1
50,50,8748,177,1
51,51,3239,26,1
52,52,0,0,1
53,53,539,6,1
54,54,645,14,1
55,55,1179,9,1
56,56,627,13,1
57,57,1732,2,1
58,58,5787,50,1
59,59,2263,37,1
60,60,432,19,1
61,61,2106,28,1
62,62,1138,85,1
63,63,7418,116,1
64,64,0,0,1
65,65,2253,83,1
66,66,551,13,1
67,67,530,11,1
68,68,718,12,1
69,69,2,0,1
70,70,8,0,1
71,71,3926,28,1
72,72,96,1,1
73,73,10,0,1
74,74,2,0,1
75,75,8,0,1
76,76,1001,9,1
77,77,5,0,1
78,78,0,0,1
79,79,273,1,1
80,80,440,2,1
81,81,49,0,1
82,82,21,0,1
83,83,12,0,1
84,84,0,0,1
85,85,587,2,1
86,86,57,0,1
87,87,96,0,1
88,88,98,0,1
89,89,0,0,1
90,90,7,1,1
91,91,30,0,1
92,92,44,0,1
93,93,0,0,1
94,94,24,0,1
95,95,17,0,1
96,96,76,0,1
97,97,13,0,1
98,98,23,0,1
99,99,79,1,1
100,100,0,0,1
101,101,3476,164,1
102,102,1886,71,1
103,103,3819,133,1
104,104,1245,51,1
105,105,808,24,1
106,106,59,2,1
107,107,536,15,1
108,108,140409,3304,2
109,109,3930,223,1
110,110,5763,233,1
111,111,0,0,1
112,112,25004,613,0
113,113,10422,206,1
114,114,2823,63,1
115,115,0,0,1
116,116,2495,79,1
117,117,12609,344,1
118,118,371,5,1
119,119,428,9,1
120,120,302,2,1
121,121,6399,82,1
122,122,664,10,1
123,123,340,8,1
124,124,34,0,1
125,125,630,9,1
126,126,1001,19,1
127,127,322,4,1
128,128,277,7,1
129,129,315,8,1
130,130,179,10,1
131,131,399,18,1
132,132,255,3,1
133,133,2759,21,1
134,134,1303,15,1
135,135,1903,45,1
136,136,422,8,1
137,137,158,3,1
138,138,284,5,1
139,139,350,6,1
140,140,2363,19,1
141,141,261,2,1
142,142,134,3,1
143,143,1798,49,1
144,144,252,2,1
145,145,823,8,1
146,146,359,4,1
147,147,1863,26,1
148,148,463,8,1
149,149,1051,17,1
150,150,202,0,1
151,151,302,1,1
152,152,2999,64,1
153,153,829,5,1
154,154,98,2,1
155,155,391,12,1
156,156,1052,18,1
157,157,1943,15,1
158,158,352,25,1
159,159,398,1,1
160,160,1102,11,1
161,161,337,2,1
162,162,83,0,1
163,163,797,11,1
164,164,1636,50,1
165,165,121,0,1
166,166,139,4,1
167,167,214,13,1
168,168,226,18,1
169,169,252,6,1
170,170,0,0,1
171,171,85,0,1
172,172,470,11,1
173,173,223,3,1
174,174,632,11,1
175,175,253,4,1
176,176,2054,30,1
177,177,142,1,1
178,178,8881,143,1
179,179,395,22,1
180,180,2007,23,1
181,181,97,1,1
182,182,141,1,1
183,183,3543,58,1
184,184,1196,16,1
185,185,208,6,1
186,186,1491,6,1
187,187,322,7,1
188,188,1624,0,1
189,189,858,32,1
190,190,172,2,1
191,191,9178,109,1
192,192,768,21,1
193,193,48,0,1
194,194,1240,29,1
195,195,20839,395,0
196,196,2,0,1
197,197,287,16,1
198,198,2776,40,1
199,199,314,14,1
200,200,522,6,1
201,201,16156,202,0
202,202,138,1,1
203,203,1078,4,1
204,204,27944,362,0
205,205,568,3,1
206,206,490,6,1
207,207,11658,317,1
208,208,187,14,1
209,209,31647,357,0
210,210,7544,77,1
211,211,516,11,1
212,212,736,0,1
213,213,263333,6423,2
214,214,4424,65,1
215,215,6620,114,1
216,216,75,2,1
217,217,887,18,1
218,218,8803,140,1
219,219,25,0,1
220,220,165,2,1
221,221,9645,70,1
222,222,1652,13,1
223,223,525,6,1
224,224,52538,1176,0
225,225,0,0,1
226,226,3523,43,1
227,227,50,0,1
228,228,57695,1173,0
229,229,21800,393,0
230,230,1314,11,1
231,231,53121,908,0
232,232,45425,767,0
233,233,10901,99,1
234,234,20060,434,0
235,235,3453,27,1
236,236,9664,144,1
237,237,8952,111,1
238,238,20648,300,0
239,239,2283,8,1
240,240,751,14,1
241,241,6,0,1
242,242,163,0,1
243,243,6232,60,1
244,244,7225,120,1
245,245,16425,342,0
246,246,1686,10,1
247,247,529,4,1
248,248,15,0,1
249,249,15782,257,0
250,250,226,4,1
251,251,0,0,1
252,252,12507,146,1
253,253,2773,55,1
254,254,1133,7,1
255,255,8684,222,1
256,256,242,9,1
257,257,8999,370,1
258,258,55,0,1
259,259,17,0,1
260,260,11,0,1
261,261,3990,79,1
262,262,616,33,1
263,263,325,19,1
264,264,13,0,1
265,265,37,1,1
266,266,31,0,1
267,267,32,1,1
268,268,73,1,1
269,269,17,0,1
270,270,187,3,1
271,271,12689,434,1
272,272,3,0,1
273,273,2458,60,1
274,274,1244,10,1
275,275,6743,170,1
276,276,152,3,1
277,277,170,1,1
278,278,936,5,1
279,279,18,0,1
280,280,71,1,1
281,281,296,7,1
282,282,3,0,1
283,283,19,1,1
284,284,9,0,1
285,285,5500,248,1
286,286,0,0,1
287,287,79,3,1
288,288,255,2,1
289,289,91,0,1
290,290,2424,50,1
291,291,21,0,1
292,292,9,0,1
293,293,850,5,1
294,294,551,7,1
295,295,20,0,1
296,296,40,1,1
297,297,131,5,1
298,298,373,13,1
299,299,736,48,1
300,300,92,6,1
301,301,25,1,1
302,302,0,0,1
303,303,55,1,1
304,304,34,0,1
305,305,221,2,1
306,306,94,0,1
307,307,1052,37,1
308,308,25,0,1
309,309,96,2,1
310,310,148,8,1
311,311,111,2,1
312,312,6,0,1
313,313,96,0,1
314,314,14,1,1
315,315,428,4,1
316,316,174,4,1
317,317,0,0,1
318,318,60,0,1
319,319,4597,149,1
320,320,101,1,1
321,321,19949,1421,0
322,322,14456,1434,0
323,323,1849,140,1
324,324,1560,193,1
325,325,14294,1114,1
326,326,1803,114,1
327,327,0,0,1
328,328,1328,66,1
329,329,135,0,1
330,330,941,15,1
331,331,2898,115,1
332,332,9777,310,1
333,333,0,0,1
334,334,6673,204,1
335,335,482,0,1
336,336,49,0,1
337,337,15050,621,0
338,338,0,0,1
339,339,0,0,1
340,340,7735,49,1
341,341,1426,11,1
342,342,5924,101,1
343,343,1054,8,1
344,344,8578,284,1
345,345,76146,1343,0
346,346,608,10,1
347,347,2978,131,1
348,348,2684,92,1
349,349,4895,95,1
350,350,12565,208,1
351,351,3690,54,1
352,352,1551,24,1
353,353,828,7,1
354,354,29717,362,0
355,355,12103,222,1
356,356,1687,23,1
357,357,604,3,1
358,358,2739,45,1
359,359,505,12,1
360,360,513,4,1
361,361,871,14,1
362,362,840,8,1
363,363,1313,11,1
364,364,2051,42,1
365,365,3064,115,1
366,366,2111,82,1
367,367,41178,614,0
368,368,735,6,1
369,369,3129,115,1
370,370,2768,77,1
371,371,550,8,1
372,372,1232,12,1
373,373,7365,173,1
374,374,20124,462,0
375,375,10204,63,1
376,376,1012,9,1
377,377,497,8,1
378,378,1009,18,1
379,379,11327,282,1
380,380,9541,263,1
381,381,4807,138,1
382,382,167880,3127,2
383,383,1813,22,1
384,384,2053,41,1
385,385,4802,107,1
386,386,1501,24,1
387,387,39412,438,0
388,388,12249,140,1
389,389,0,0,1
390,390,45743,1308,0
391,391,8988,205,1
392,392,21701,736,0
393,393,19452,514,0
394,394,2088,38,1
395,395,5236,74,1
396,396,7948,251,1
397,397,8911,207,1
398,398,5167,69,1
399,399,7875,271,1
400,400,2196,65,1
401,401,2657,66,1
402,402,1307,12,1
403,403,1623,0,1
404,404,903,12,1
405,405,10651,232,1
406,406,1106,9,1
407,407,1915,24,1
408,408,1064,18,1
409,409,1015,26,1
410,410,438,3,1
411,411,596,13,1
412,412,79,4,1
413,413,2078,56,1
414,414,473,7,1
415,415,2124,46,1
416,416,2835,84,1
417,417,751,21,1
418,418,442,12,1
419,419,5995,159,1
420,420,426,19,1
421,421,343,10,1
422,422,515,27,1
423,423,1126,11,1
424,424,2836,27,1
425,425,781,10,1
426,426,631,42,1
427,427,236,8,1
428,428,1250,8,1
429,429,444,18,1
430,430,2682,64,1
431,431,1139,18,1
432,432,622,6,1
433,433,8277,149,1
434,434,1628,1,1
435,435,739,17,1
436,436,5868,91,1
437,437,4939,42,1
438,438,120,2,1
439,439,7086,159,1
440,440,370,6,1
441,441,19283,422,0
442,442,2009,43,1
443,443,1877,33,1
444,444,3661,59,1
445,445,544,13,1
446,446,2546,43,1
447,447,166,5,1
448,448,539,17,1
449,449,278,5,1
450,450,797,7,1
451,451,18302,353,0
452,452,1122,29,1
453,453,415,12,1
454,454,334,14,1
455,455,3128,185,1
456,456,3485,71,1
457,457,477,32,1
458,458,239,2,1
459,459,1403,23,1
460,460,624,3,1
461,461,1015,30,1
462,462,419,6,1
463,463,618,20,1
464,464,1763,49,1
465,465,3069,44,1
466,466,3832,45,1
467,467,735,11,1
468,468,27247,568,0
469,469,801,11,1
470,470,38,2,1
471,471,3428,94,1
472,472,1812,36,1
473,473,754,22,1
474,474,498,23,1
475,475,26931,398,0
476,476,1585,67,1
477,477,8949,148,1
478,478,387,42,1
479,479,454,8,1
480,480,782,21,1
481,481,492,13,1
482,482,189,5,1
483,483,5073,100,1
484,484,3083,80,1
485,485,288,4,1
486,486,1914,31,1
487,487,211,4,1
488,488,708,19,1
489,489,777,25,1
490,490,403,29,1
491,491,414,22,1
492,492,538,8,1
493,493,354,18,1
494,494,296,5,1
495,495,1609,64,1
496,496,690,25,1
497,497,1091,22,1
498,498,213,7,1
499,499,235,3,1
500,500,3848,78,1
501,501,894,14,1
502,502,228,10,1
503,503,678,8,1
504,504,189,8,1
505,505,582,14,1
506,506,286,7,1
507,507,537,13,1
508,508,246,1,1
509,509,780,45,1
510,510,666,50,1
511,511,293,5,1
512,512,476,2,1
513,513,804,5,1
514,514,5920,167,1
515,515,2552,85,1
516,516,725,26,1
517,517,324,11,1
518,518,17364,149,0
519,519,2739,50,1
520,520,662,23,1
521,521,611,10,1
522,522,595,17,1
523,523,316,9,1
524,524,1429,17,1
525,525,311,22,1
526,526,678,23,1
527,527,32,1,1
528,528,327,9,1
529,529,331,28,1
530,530,6956,159,1
531,531,1828,36,1
532,532,104,2,1
533,533,400,10,1
534,534,347,9,1
535,535,1305,59,1
536,536,1030,36,1
537,537,478,14,1
538,538,927,62,1
539,539,162,5,1
540,540,21,0,1
541,541,804,10,1
542,542,207,10,1
543,543,383,18,1
544,544,327,31,1
545,545,1468,62,1
546,546,1735,56,1
547,547,1284,44,1
548,548,319,9,1
549,549,250,8,1
550,550,2776,95,1
551,551,294,22,1
552,552,186,7,1
553,553,2263,6,1
554,554,701,18,1
555,555,764,61,1
556,556,1496,31,1
557,557,1758,53,1
558,558,1475,56,1
559,559,140,5,1
560,560,657,8,1
561,561,1100,28,1
562,562,43,2,1
563,563,326,11,1
564,564,761,19,1
565,565,4491,61,1
566,566,247,20,1
567,567,261,5,1
568,568,333,18,1
569,569,523,30,1
570,570,103,3,1
571,571,2235,37,1
572,572,672,15,1
573,573,10546,97,1
574,574,0,0,1
575,575,57,0,1
576,576,386,9,1
577,577,28,1,1
578,578,0,0,1
579,579,12520,147,1
580,580,28,1,1
581,581,942,4,1
582,582,39,1,1
583,583,139,3,1
584,584,841,10,1
585,585,642,6,1
586,586,67,1,1
587,587,309,0,1
588,588,2558,16,1
589,589,56,1,1
590,590,27,0,1
591,591,24,0,1
592,592,8000,100,1
593,593,101,0,1
594,594,656,5,1
595,595,32,0,1
596,596,39,0,1
597,597,60,1,1
598,598,334,3,1
599,599,101,0,1
600,600,175,3,1
601,601,294,2,1
602,602,273,1,1
603,603,186,0,1
604,604,518,1,1
605,605,738,7,1
606,606,2542,35,1
607,607,345,0,1
608,608,83,0,1
609,609,14,0,1
610,610,88,0,1
611,611,571,1,1
612,612,648,8,1
613,613,420,24,1
614,614,23,0,1
615,615,0,0,1
616,616,324,5,1
617,617,853,7,1
618,618,218,1,1
619,619,215,18,1
620,620,151,0,1
621,621,2109,35,1
622,622,3,0,1
623,623,88,1,1
624,624,349,6,1
625,625,1032,10,1
626,626,73,1,1
627,627,296,4,1
628,628,1074,23,1
629,629,43,0,1
630,630,597,11,1
631,631,47,0,1
632,632,217,4,1
633,633,389,11,1
634,634,4472,20,1
635,635,460,11,1
636,636,154,2,1
637,637,142,0,1
638,638,1088,20,1
639,639,1396,30,1
640,640,140623,5180,2
641,641,400,2,1
642,642,201,4,1
643,643,104,1,1
644,644,1484,38,1
645,645,285,7,1
646,646,16955,551,0
647,647,111,7,1
648,648,64,0,1
649,649,836,1,1
650,650,373,3,1
651,651,99,5,1
652,652,505,3,1
653,653,153,0,1
654,654,69,2,1
655,655,216,7,1
656,656,645,5,1
657,657,67,0,1
658,658,199,3,1
659,659,37,0,1
660,660,64,0,1
661,661,636,5,1
662,662,359,19,1
663,663,1248,24,1
664,664,202,9,1
665,665,572,38,1
666,666,385,14,1
667,667,246,2,1
668,668,148,0,1
669,669,12790,325,1
670,670,2676,77,1
671,671,1947,25,1
672,672,627,3,1
673,673,1640,56,1
674,674,16545,486,0
675,675,251,2,1
676,676,347,1,1
677,677,348,6,1
678,678,440,1,1
679,679,1436,42,1
680,680,515,7,1
681,681,5463,131,1
682,682,518,0,1
683,683,98,0,1
684,684,129,1,1
685,685,97,2,1
686,686,459,15,1
687,687,4463,118,1
688,688,3200,20,1
689,689,120,0,1
690,690,129,5,1
691,691,639,15,1
692,692,339,13,1
693,693,628,23,1
694,694,208,3,1
695,695,651,6,1
696,696,2,0,1
697,697,3314,49,1
698,698,342,15,1
699,699,132,0,1
700,700,113,1,1
701,701,26,1,1
702,702,161,1,1
703,703,55,0,1
704,704,926,11,1
705,705,171,4,1
706,706,2869,74,1
707,707,299,3,1
708,708,2290,44,1
709,709,46,0,1
710,710,75,0,1
711,711,360,4,1
712,712,6386,187,1
713,713,53,2,1
714,714,484,6,1
715,715,1657,21,1
716,716,2238,236,1
717,717,507,24,1
718,718,648,4,1
719,719,147,1,1
720,720,314,2,1
721,721,198,1,1
722,722,256,5,1
723,723,161,0,1
724,724,702,20,1
725,725,13612,374,1
726,726,1351,39,1
727,727,5531,149,1
728,728,408,6,1
729,729,252,3,1
730,730,6060,200,1
731,731,1153,57,1
732,732,88,0,1
733,733,113,3,1
734,734,956,46,1
735,735,103,3,1
736,736,271,13,1
737,737,1933,9,1
738,738,2157,56,1
739,739,298,5,1
740,740,595,13,1
741,741,103,0,1
742,742,654,28,1
743,743,463,11,1
744,744,639,28,1
745,745,457,39,1
746,746,1895,61,1
747,747,959,18,1
748,748,6438,109,1
749,749,418,13,1
750,750,1321,61,1
751,751,120,2,1
752,752,303,25,1
753,753,235,2,1
754,754,489,4,1
755,755,897,33,1
756,756,419,35,1
757,757,4761,109,1
758,758,914,43,1
759,759,564,24,1
760,760,2681,122,1
761,761,781,25,1
762,762,1290,63,1
763,763,222,3,1
764,764,742,9,1
765,765,386,2,1
766,766,175,0,1
767,767,244,3,1
768,768,312,12,1
769,769,2279,123,1
770,770,503,9,1
771,771,1206,17,1
772,772,632,11,1
773,773,1382,39,1
774,774,10334,319,1
775,775,506,28,1
776,776,1610,75,1
777,777,20936,761,0
778,778,994,24,1
779,779,164,0,1
780,780,430,3,1
781,781,2512,36,1
782,782,505,21,1
783,783,706,38,1
784,784,172,11,1
785,785,894,32,1
786,786,77,7,1
787,787,286,24,1
788,788,0,0,1
789,789,167,1,1
790,790,96,1,1
791,791,215,13,1
792,792,141,1,1
793,793,2090,46,1
794,794,309,0,1
795,795,115,1,1
796,796,538,10,1
797,797,209,7,1
798,798,282,8,1
799,799,153,4,1
800,800,359,10,1
801,801,666,29,1
802,802,222,3,1
803,803,6226,103,1
804,804,253,7,1
805,805,374,7,1
806,806,331,12,1
807,807,69,0,1
808,808,2312,13,1
809,809,220,22,1
810,810,0,225,1
811,811,77,0,1
812,812,3494,30,1
813,813,126,0,1
814,814,1785,24,1
815,815,262,8,1
816,816,39,1,1
817,817,1223,36,1
818,818,261,1,1
819,819,747,14,1
820,820,250,3,1
821,821,482,14,1
822,822,255,6,1
823,823,68,1,1
824,824,33,0,1
825,825,252,6,1
826,826,129,3,1
827,827,74,1,1
828,828,302,1,1
829,829,4421,88,1
830,830,493,8,1
831,831,475,7,1
832,832,262,1,1
833,833,1959,12,1
834,834,265,2,1
835,835,179,2,1
836,836,650,5,1
837,837,148,2,1
838,838,233,1,1
839,839,1017,21,1
840,840,222,2,1
841,841,240,0,1
842,842,262,3,1
843,843,309,4,1
844,844,237,3,1
845,845,1092,20,1
846,846,1042,5,1
847,847,2741,38,1
848,848,122,4,1
849,849,66,0,1
850,850,365,3,1
851,851,751,7,1
852,852,503,6,1
853,853,2985,41,1
854,854,254,10,1
855,855,205,2,1
856,856,310,3,1
857,857,346,18,1
858,858,104,0,1
859,859,99,0,1
860,860,218,3,1
861,861,240,6,1
862,862,323,3,1
863,863,177,2,1
864,864,293,1,1
865,865,196,2,1
866,866,655,4,1
867,867,185,6,1
868,868,183,3,1
869,869,110,0,1
870,870,197,1,1
871,871,317,3,1
872,872,802,32,1
873,873,135,1,1
874,874,5073,27,1
875,875,258,3,1
876,876,101,1,1
877,877,249,0,1
878,878,613,7,1
879,879,3878,109,1
880,880,426,15,1
881,881,153,6,1
882,882,280,4,1
883,883,209,2,1
884,884,368,19,1
885,885,746,5,1
886,886,1768,34,1
887,887,173,1,1
888,888,186,0,1
889,889,144,1,1
890,890,153,10,1
891,891,90,5,1
892,892,1090,54,1
893,893,334,9,1
894,894,146,0,1
895,895,0,0,1
896,896,150,0,1
897,897,172,0,1
898,898,1091,20,1
899,899,156,2,1
900,900,15571,261,0
901,901,2033,38,1
902,902,270,8,1
903,903,48,2,1
904,904,232,0,1
905,905,2875,28,1
906,906,250,1,1
907,907,1469,3,1
908,908,3369,17,1
909,909,699,31,1
910,910,127,1,1
911,911,4,0,1
912,912,126,3,1
913,913,112,1,1
914,914,1296,57,1
915,915,945,6,1
916,916,449,11,1
917,917,84,2,1
918,918,1213,14,1
919,919,284,13,1
920,920,315,6,1
921,921,5173,63,1
922,922,104,0,1
923,923,570,1,1
924,924,33,0,1
925,925,69,0,1
926,926,307,2,1
927,927,6,0,1
928,928,447,5,1
929,929,148,2,1
930,930,113,3,1
931,931,518,3,1
932,932,81,1,1
933,933,13,0,1
934,934,474,7,1
935,935,58,0,1
936,936,48,1,1
937,937,47,2,1
938,938,64,0,1
939,939,108,8,1
940,940,11,0,1
941,941,346,4,1
942,942,978,6,1
943,943,21,0,1
944,944,161,1,1
945,945,105,0,1
946,946,2138,10,1
947,947,47,0,1
948,948,1,0,1
949,949,926,3,1
950,950,32,0,1
951,951,2072,12,1
952,952,2718,10,1
953,953,328,3,1
954,954,290,2,1
955,955,33,0,1
956,956,37,1,1
957,957,254,5,1
958,958,122,0,1
959,959,7,0,1
960,960,47,0,1
961,961,43,0,1
962,962,120,2,1
963,963,346,4,1
964,964,103,1,1
965,965,22,0,1
966,966,237,2,1
967,967,185,4,1
968,968,16,1,1
969,969,10411,145,1
970,970,82,1,1
971,971,78,1,1
972,972,24,0,1
973,973,233,4,1
974,974,13,0,1
975,975,1965,11,1
976,976,12,0,1
977,977,70,0,1
978,978,7,0,1
979,979,1097,33,1
980,980,72,1,1
981,981,20,0,1
982,982,277,1,1
983,983,108,1,1
984,984,357,1,1
985,985,45,0,1
986,986,386,6,1
987,987,29,0,1
988,988,15,2,1
989,989,92,1,1
990,990,166,0,1
991,991,70,6,1
992,992,30,0,1
993,993,96,0,1
994,994,5,0,1
995,995,52,0,1
996,996,0,0,1
997,997,414,1,1
998,998,111,8,1
999,999,230,0,1
1000,1000,69,0,1
1001,1001,8,0,1
1002,1002,1018,3,1
1003,1003,48,1,1
1004,1004,73,1,1
1005,1005,1734,8,1
1006,1006,61,0,1
1007,1007,42,0,1
1008,1008,83,0,1
1009,1009,697,11,1
1010,1010,107,1,1
1011,1011,8173,85,1
1012,1012,1661,5,1
1013,1013,2644,30,1
1014,1014,13,0,1
1015,1015,30,0,1
1016,1016,6,0,1
1017,1017,56,1,1
1018,1018,48,2,1
1019,1019,128,1,1
1020,1020,183,3,1
1021,1021,126,0,1
1022,1022,53,3,1
1023,1023,0,0,1
1024,1024,67,1,1
1025,1025,17,0,1
1026,1026,17,0,1
1027,1027,6,0,1
1028,1028,59,2,1
1029,1029,15,0,1
1030,1030,6757,134,1
1031,1031,307,19,1
1032,1032,315,9,1
1033,1033,150,1,1
1034,1034,54,1,1
1035,1035,711,13,1
1036,1036,87,1,1
1037,1037,482,12,1
1038,1038,1540,25,1
1039,1039,178,1,1
1040,1040,412,6,1
1041,1041,266,0,1
1042,1042,40,0,1
1043,1043,84,0,1
1044,1044,126,2,1
1045,1045,844,9,1
1046,1046,337,16,1
1047,1047,147,0,1
1048,1048,552,8,1
1049,1049,851,16,1
1050,1050,77,1,1
1051,1051,196,5,1
1052,1052,165,3,1
1053,1053,269,15,1
1054,1054,1195,19,1
1055,1055,305,8,1
1056,1056,305,6,1
1057,1057,111,2,1
1058,1058,121,1,1
1059,1059,100,0,1
1060,1060,1320,14,1
1061,1061,131,12,1
1062,1062,38,0,1
1063,1063,142,0,1
1064,1064,5729,70,1
1065,1065,82,0,1
1066,1066,176,2,1
1067,1067,606,12,1
1068,1068,142,2,1
1069,1069,98,8,1
1070,1070,152,3,1
1071,1071,158,6,1
1072,1072,727,29,1
1073,1073,382,13,1
1074,1074,259,8,1
1075,1075,378,4,1
1076,1076,79,0,1
1077,1077,1254,11,1
1078,1078,367,10,1
1079,1079,171,0,1
1080,1080,169,1,1
1081,1081,686,3,1
1082,1082,187,2,1
1083,1083,75,0,1
1084,1084,612,39,1
1085,1085,354,17,1
1086,1086,14882,300,0
1087,1087,581,0,1
1088,1088,147,1,1
1089,1089,1978,45,1
1090,1090,177,1,1
1091,1091,465,9,1
1092,1092,112,1,1
1093,1093,802,6,1
1094,1094,55,0,1
1095,1095,18,0,1
1096,1096,66,0,1
1097,1097,125,2,1
1098,1098,222,14,1
1099,1099,183,13,1
1100,1100,84,1,1
1101,1101,540,27,1
1102,1102,67,4,1
1103,1103,1681,6,1
1104,1104,80,0,1
1105,1105,218,8,1
1106,1106,285,3,1
1107,1107,75,3,1
1108,1108,122,2,1
1109,1109,698,9,1
1110,1110,144,0,1
1111,1111,74,1,1
1112,1112,202,3,1
1113,1113,44,0,1
1114,1114,203,2,1
1115,1115,110,2,1
1116,1116,204,4,1
1117,1117,267,3,1
1118,1118,53,0,1
1119,1119,755,12,1
1120,1120,488,4,1
1121,1121,31,1,1
1122,1122,444,9,1
1123,1123,1088,25,1
1124,1124,0,0,1
1125,1125,97,2,1
1126,1126,37,1,1
1127,1127,92,0,1
1128,1128,329,8,1
1129,1129,395,3,1
1130,1130,92,0,1
1131,1131,761,10,1
1132,1132,12,0,1
1133,1133,168,1,1
1134,1134,209,1,1
1135,1135,244,6,1
1136,1136,734,10,1
1137,1137,1040,24,1
1138,1138,270,8,1
1139,1139,198,0,1
1140,1140,287,7,1
1141,1141,181,8,1
1142,1142,170,0,1
1143,1143,59,0,1
1144,1144,0,0,1
1145,1145,306,2,1
1146,1146,4224,41,1
1147,1147,143,1,1
1148,1148,136,0,1
1149,1149,157,3,1
1150,1150,314,2,1
1151,1151,31,0,1
1152,1152,258,0,1
1153,1153,2933,96,1
1154,1154,1545,46,1
1155,1155,3704,97,1
1156,1156,758,24,1
1157,1157,1491,53,1
1158,1158,984,37,1
1159,1159,473,32,1
1160,1160,3181,106,1
1161,1161,8360,349,1
1162,1162,7794,210,1
1163,1163,300,3,1
1164,1164,225,2,1
1165,1165,432,10,1
1166,1166,502,21,1
1167,1167,508,13,1
1168,1168,893,35,1
1169,1169,14983,439,0
1170,1170,542,4,1
1171,1171,1723,66,1
1172,1172,1306,32,1
1173,1173,1193,38,1
1174,1174,486,30,1
1175,1175,2898,89,1
1176,1176,1407,58,1
1177,1177,632,22,1
1178,1178,17386,565,0
1179,1179,1225,39,1
1180,1180,421,7,1
1181,1181,8875,126,1
1182,1182,3599,119,1
1183,1183,1199,47,1
1184,1184,3730,74,1
1185,1185,866,8,1
1186,1186,770,22,1
1187,1187,1103,25,1
1188,1188,12436,587,1
1189,1189,6122,141,1
1190,1190,0,0,1
1191,1191,666,19,1
1192,1192,1053,40,1
1193,1193,4140,148,1
1194,1194,351,21,1
1195,1195,749,10,1
1196,1196,840,13,1
1197,1197,1383,29,1
1198,1198,1777,59,1
1199,1199,410,4,1
1200,1200,808,40,1
1201,1201,1576,98,1
1202,1202,3272,124,1
1203,1203,2081,60,1
1204,1204,1901,77,1
1205,1205,6858,251,1
1206,1206,4416,117,1
1207,1207,159,2,1
1208,1208,3603,112,1
1209,1209,193,182,1
1210,1210,959,42,1
1211,1211,2028,60,1
1212,1212,1042,46,1
1213,1213,1608,65,1
1214,1214,1217,22,1
1215,1215,900,41,1
1216,1216,343,10,1
1217,1217,711,25,1
1218,1218,616,18,1
1219,1219,693,10,1
1220,1220,43,1,1
1221,1221,2290,70,1
1222,1222,60,1,1
1223,1223,53,1,1
1224,1224,207,11,1
1225,1225,36,1,1
1226,1226,41,1,1
1227,1227,0,0,1
1228,1228,132,1,1
1229,1229,252,6,1
1230,1230,9,0,1
1231,1231,65,0,1
1232,1232,85,8,1
1233,1233,0,0,1
1234,1234,73,14,1
1235,1235,16,0,1
1236,1236,1115,15,1
1237,1237,454,22,1
1238,1238,9759,245,1
1239,1239,17579,621,0
1240,1240,15329,483,0
1241,1241,920,28,1
1242,1242,638,5,1
1243,1243,1920,125,1
1244,1244,1025,33,1
1245,1245,2725,99,1
1246,1246,578,10,1
1247,1247,3958,131,1
1248,1248,72,1,1
1249,1249,2945,76,1
1250,1250,4983,123,1
1251,1251,298,24,1
1252,1252,22002,841,0
1253,1253,0,0,1
1254,1254,28784,821,0
1255,1255,645,26,1
1256,1256,251,4,1
1257,1257,1259,57,1
1258,1258,543,6,1
1259,1259,0,10,1
1260,1260,1691,37,1
1261,1261,1919,48,1
1262,1262,1020,26,1
1263,1263,1722,174,1
1264,1264,706,49,1
1265,1265,9858,690,1
1266,1266,0,0,1
1267,1267,151,1,1
1268,1268,19305,1273,0
1269,1269,404,67,1
1270,1270,8075,773,1
1271,1271,1208,142,1
1272,1272,26943,2133,0
1273,1273,0,0,1
1274,1274,10107,1050,1
1275,1275,0,0,1
1276,1276,9567,764,1
1277,1277,23891,1131,0
1278,1278,2416,5,1
1279,1279,14159,1095,1
1280,1280,41,2,1
1281,1281,19,0,1
1282,1282,743,7,1
1283,1283,151,14,1
1284,1284,68,0,1
1285,1285,69,3,1
1286,1286,20,0,1
1287,1287,283,3,1
1288,1288,985,48,1
1289,1289,80,2,1
1290,1290,1832,74,1
1291,1291,594,5,1
1292,1292,1265,45,1
1293,1293,547,16,1
1294,1294,101,3,1
1295,1295,90,2,1
1296,1296,76,0,1
1297,1297,112,4,1
1298,1298,658,13,1
1299,1299,123,5,1
1300,1300,327,7,1
1301,1301,114,2,1
1302,1302,634,10,1
1303,1303,156,4,1
1304,1304,195,5,1
1305,1305,4393,308,1
1306,1306,91,2,1
1307,1307,156,1,1
1308,1308,467,7,1
1309,1309,262,15,1
1310,1310,334,27,1
1311,1311,388,2,1
1312,1312,219,5,1
1313,1313,3362,47,1
1314,1314,350,7,1
1315,1315,209,12,1
1316,1316,114,1,1
1317,1317,683,13,1
1318,1318,1037,44,1
1319,1319,2707,92,1
1320,1320,82,4,1
1321,1321,9594,174,1
1322,1322,8,0,1
1323,1323,32,0,1
1324,1324,593,36,1
1325,1325,111,1,1
1326,1326,787,17,1
1327,1327,1335,30,1
1328,1328,12,0,1
1329,1329,57,0,1
1330,1330,14229,1015,1
1331,1331,71,2,1
1332,1332,341,12,1
1333,1333,136,0,1
1334,1334,195,3,1
1335,1335,339,1,1
1336,1336,5589,73,1
1337,1337,585,11,1
1338,1338,59,1,1
1339,1339,1486,29,1
1340,1340,304,5,1
1341,1341,14,0,1
1342,1342,1475,70,1
1343,1343,339,1,1
1344,1344,20235,1196,0
1345,1345,514,6,1
1346,1346,65,5,1
1347,1347,42,0,1
1348,1348,93,0,1
1349,1349,30,1,1
1350,1350,172,11,1
1351,1351,3296,66,1
1352,1352,206,3,1
1353,1353,26,1,1
1354,1354,93,4,1
1355,1355,2894,139,1
1356,1356,147,7,1
1357,1357,24,0,1
1358,1358,499,31,1
1359,1359,980,55,1
1360,1360,735,11,1
1361,1361,497,31,1
1362,1362,18,0,1
1363,1363,744,17,1
1364,1364,3419,115,1
1365,1365,34582,2968,0
1366,1366,120,4,1
1367,1367,74,1,1
1368,1368,5870,132,1
1369,1369,257,2,1
1370,1370,388,5,1
1371,1371,522,3,1
1372,1372,73,0,1
1373,1373,1632,6,1
1374,1374,182,2,1
1375,1375,246,1,1
1376,1376,1375,7,1
1377,1377,142,3,1
1378,1378,203,1,1
1379,1379,466,1,1
1380,1380,1316,40,1
1381,1381,26,0,1
1382,1382,6,0,1
1383,1383,219,0,1
1384,1384,464,18,1
1385,1385,7280,125,1
1386,1386,214,0,1
1387,1387,278,2,1
1388,1388,132,0,1
1389,1389,111,0,1
1390,1390,529,3,1
1391,1391,344,9,1
1392,1392,59,4,1
1393,1393,26264,926,0
1394,1394,117,0,1
1395,1395,88,1,1
1396,1396,271,0,1
1397,1397,299,14,1
1398,1398,137,1,1
1399,1399,116,8,1
1400,1400,955,2,1
1401,1401,12,0,1
1402,1402,117,3,1
1403,1403,47,1,1
1404,1404,57,0,1
1405,1405,21,1,1
1406,1406,446,4,1
1407,1407,105,0,1
1408,1408,661,4,1
1409,1409,46,1,1
1410,1410,50,1,1
1411,1411,357,10,1
1412,1412,470,2,1
1413,1413,189,2,1
1414,1414,153,3,1
1415,1415,216,1,1
1416,1416,1308,5,1
1417,1417,156,2,1
1418,1418,515,16,1
1419,1419,1943,16,1
1420,1420,52,0,1
1421,1421,2346,27,1
1422,1422,407,4,1
1423,1423,0,0,1
1424,1424,115,1,1
1425,1425,307,0,1
1426,1426,216,10,1
1427,1427,294,4,1
1428,1428,90,0,1
1429,1429,10635,318,1
1430,1430,40,1,1
1431,1431,151,1,1
1432,1432,136,7,1
1433,1433,1311,8,1
1434,1434,162,0,1
1435,1435,117,0,1
1436,1436,2487,33,1
1437,1437,1114,14,1
1438,1438,189,3,1
1439,1439,1451,38,1
1440,1440,3865,24,1
1441,1441,530,2,1
1442,1442,94,1,1
1443,1443,123,1,1
1444,1444,483,2,1
1445,1445,29,0,1
1446,1446,218,52,1
1447,1447,180,0,1
1448,1448,67,0,1
1449,1449,566,8,1
1450,1450,3652,55,1
1451,1451,514,4,1
1452,1452,58,3,1
1453,1453,855,18,1
1454,1454,1553,7,1
1455,1455,169,2,1
1456,1456,926,37,1
1457,1457,786,11,1
1458,1458,321,10,1
1459,1459,653,25,1
1460,1460,223,2,1
1461,1461,1813,66,1
1462,1462,508,12,1
1463,1463,314,12,1
1464,1464,667,24,1
1465,1465,181,6,1
1466,1466,459,16,1
1467,1467,570,45,1
1468,1468,585,18,1
1469,1469,1144,28,1
1470,1470,1166,33,1
1471,1471,813,22,1
1472,1472,5477,59,1
1473,1473,2425,71,1
1474,1474,192,3,1
1475,1475,759,13,1
1476,1476,359,17,1
1477,1477,1072,36,1
1478,1478,572,21,1
1479,1479,3805,73,1
1480,1480,7032,159,1
1481,1481,1095,58,1
1482,1482,375,15,1
1483,1483,104,3,1
1484,1484,787,21,1
1485,1485,3430,69,1
1486,1486,562,15,1
1487,1487,244,9,1
1488,1488,335,11,1
1489,1489,2452,79,1
1490,1490,288,15,1
1491,1491,2137,39,1
1492,1492,1655,34,1
1493,1493,2038,125,1
1494,1494,429,12,1
1495,1495,946,38,1
1496,1496,2654,68,1
1497,1497,1383,81,1
1498,1498,1075,53,1
1499,1499,1449,58,1
1500,1500,3233,86,1
1501,1501,845,35,1
1502,1502,1085,16,1
1503,1503,1207,68,1
1504,1504,458,20,1
1505,1505,1556,104,1
1506,1506,767,23,1
1507,1507,546,16,1
1508,1508,1763,50,1
1509,1509,0,0,1
1510,1510,1455,27,1
1511,1511,870,53,1
1512,1512,416,18,1
1513,1513,1224,50,1
1514,1514,1249,16,1
1515,1515,834,17,1
1516,1516,373,5,1
1517,1517,3225,77,1
1518,1518,1171,26,1
1519,1519,265,13,1
1520,1520,1018,44,1
1521,1521,529,14,1
1522,1522,365,12,1
1523,1523,1439,46,1
1524,1524,764,21,1
1525,1525,962,37,1
1526,1526,654,17,1
1527,1527,667,38,1
1528,1528,482,13,1
1529,1529,0,0,1
1530,1530,988,24,1
1531,1531,595,25,1
1532,1532,1384,50,1
1533,1533,2197,72,1
1534,1534,888,21,1
1535,1535,333,13,1
1536,1536,302,18,1
1537,1537,735,19,1
1538,1538,423,14,1
1539,1539,1046,30,1
1540,1540,326,0,1
1541,1541,238,2,1
1542,1542,50,0,1
1543,1543,413,2,1
1544,1544,460,6,1
1545,1545,178,0,1
1546,1546,101,2,1
1547,1547,275,3,1
1548,1548,322,1,1
1549,1549,4504,8,1
1550,1550,1834,15,1
1551,1551,610,6,1
1552,1552,79,1,1
1553,1553,602,2,1
1554,1554,884,10,1
1555,1555,1588,12,1
1556,1556,137,1,1
1557,1557,87,1,1
1558,1558,1434,23,1
1559,1559,95,0,1
1560,1560,44,0,1
1561,1561,1314,5,1
1562,1562,61,0,1
1563,1563,1760,41,1
1564,1564,210,0,1
1565,1565,1434,11,1
1566,1566,404,2,1
1567,1567,369,4,1
1568,1568,54,0,1
1569,1569,182,1,1
1570,1570,98,1,1
1571,1571,126,2,1
1572,1572,132,1,1
1573,1573,174,3,1
1574,1574,764,7,1
1575,1575,1610,28,1
1576,1576,158,18,1
1577,1577,121,9,1
1578,1578,5701,24,1
1579,1579,181,3,1
1580,1580,103,1,1
1581,1581,178,4,1
1582,1582,88,2,1
1583,1583,75,1,1
1584,1584,167,2,1
1585,1585,556,3,1
1586,1586,57,0,1
1587,1587,7064,92,1
1588,1588,3634,48,1
1589,1589,4021,57,1
1590,1590,1046,4,1
1591,1591,10823,122,1
1592,1592,49,1,1
1593,1593,584,4,1
1594,1594,486,2,1
1595,1595,571,2,1
1596,1596,81,2,1
1597,1597,733,3,1
1598,1598,67,1,1
1599,1599,391,1,1
1600,1600,149,0,1
1601,1601,285,0,1
1602,1602,74,0,1
1603,1603,643,14,1
1604,1604,1052,11,1
1605,1605,28,0,1
1606,1606,463,1,1
1607,1607,291,3,1
1608,1608,289,4,1
1609,1609,86,0,1
1610,1610,82,1,1
1611,1611,315,1,1
1612,1612,511,16,1
1613,1613,1407,14,1
1614,1614,729,9,1
1615,1615,102,0,1
1616,1616,136,2,1
1617,1617,0,0,1
1618,1618,117,0,1
1619,1619,497,9,1
1620,1620,610,4,1
1621,1621,1065,10,1
1622,1622,440,7,1
1623,1623,233,3,1
1624,1624,656,10,1
1625,1625,503,3,1
1626,1626,612,5,1
1627,1627,33,1,1
1628,1628,145,0,1
1629,1629,227,3,1
1630,1630,159,0,1
1631,1631,38,0,1
1632,1632,153,1,1
1633,1633,693,9,1
1634,1634,22,0,1
1635,1635,31,1,1
1636,1636,837,16,1
1637,1637,89,1,1
1638,1638,61,1,1
1639,1639,7399,115,1
1640,1640,57,0,1
1641,1641,1959,9,1
1642,1642,23297,788,0
1643,1643,6934,195,1
1644,1644,187,1,1
1645,1645,478,12,1
1646,1646,418,4,1
1647,1647,185,0,1
1648,1648,1157,31,1
1649,1649,298,2,1
1650,1650,0,0,1
1651,1651,167,1,1
1652,1652,460,0,1
1653,1653,367,10,1
1654,1654,200,0,1
1655,1655,593,3,1
1656,1656,20,0,1
1657,1657,278,0,1
1658,1658,78,1,1
1659,1659,866,22,1
1660,1660,21,0,1
1661,1661,17,0,1
1662,1662,115,0,1
1663,1663,0,0,1
1664,1664,624,5,1
1665,1665,26,0,1
1666,1666,110,2,1
1667,1667,5,0,1
1668,1668,76,1,1
1669,1669,114,0,1
1670,1670,5,0,1
1671,1671,60,1,1
1672,1672,923,16,1
1673,1673,1247,4,1
1674,1674,16,0,1
1675,1675,208,1,1
1676,1676,3,0,1
1677,1677,22,0,1
1678,1678,143,3,1
1679,1679,67,0,1
1680,1680,6,0,1
1681,1681,260,1,1
1682,1682,235,3,1
1683,1683,16,0,1
1684,1684,106,3,1
1685,1685,97,1,1
1686,1686,19,0,1
1687,1687,25,2,1
1688,1688,2,0,1
1689,1689,584,3,1
1690,1690,35,1,1
1691,1691,0,0,1
1692,1692,92,0,1
1693,1693,0,0,1
1694,1694,119,0,1
1695,1695,23,0,1
1696,1696,5,0,1
1697,1697,10,0,1
1698,1698,1,0,1
1699,1699,129,2,1
1700,1700,77,2,1
1701,1701,213,1,1
1702,1702,614,18,1
1703,1703,45,1,1
1704,1704,13,0,1
1705,1705,241,0,1
1706,1706,56,2,1
1707,1707,40,1,1
1708,1708,21,0,1
1709,1709,71,6,1
1710,1710,3,0,1
1711,1711,0,0,1
1712,1712,61,0,1
1713,1713,11,0,1
1714,1714,9,0,1
1715,1715,2927,62,1
1716,1716,520,12,1
1717,1717,65,1,1
1718,1718,1,0,1
1719,1719,2,0,1
1720,1720,0,0,1
1721,1721,73,0,1
1722,1722,70,1,1
1723,1723,19,0,1
1724,1724,26,0,1
1725,1725,1014,4,1
1726,1726,76,0,1
1727,1727,111,1,1
1728,1728,319,2,1
1729,1729,80,0,1
1730,1730,23,0,1
1731,1731,46,4,1
1732,1732,36,0,1
1733,1733,71,0,1
1734,1734,767,5,1
1735,1735,124,0,1
1736,1736,83,4,1
1737,1737,2176,43,1
1738,1738,119,0,1
1739,1739,1071,12,1
1740,1740,4,0,1
1741,1741,85,2,1
1742,1742,1123,11,1
1743,1743,15495,190,0
1744,1744,11,1,1
1745,1745,54,1,1
1746,1746,24,0,1
1747,1747,7,0,1
1748,1748,38,1,1
1749,1749,212,5,1
1750,1750,9,0,1
1751,1751,8,0,1
1752,1752,34,0,1
1753,1753,1,0,1
1754,1754,25,0,1
1755,1755,1979,47,1
1756,1756,126,12,1
1757,1757,19,0,1
1758,1758,0,0,1
1759,1759,4,0,1
1760,1760,63,1,1
1761,1761,7,0,1
1762,1762,94,5,1
1763,1763,28,0,1
1764,1764,42,0,1
1765,1765,139,0,1
1766,1766,62,0,1
1767,1767,4,0,1
1768,1768,15,0,1
1769,1769,152,0,1
1770,1770,5906,24,1
1771,1771,362,2,1
1772,1772,6,0,1
1773,1773,3,0,1
1774,1774,800,5,1
1775,1775,6,0,1
1776,1776,81,1,1
1777,1777,76,0,1
1778,1778,39,0,1
1779,1779,119,0,1
1780,1780,15,0,1
1781,1781,144,1,1
1782,1782,0,0,1
1783,1783,17,0,1
1784,1784,34,10,1
1785,1785,106,0,1
1786,1786,101,8,1
1787,1787,1043,3,1
1788,1788,54,1,1
1789,1789,30,0,1
1790,1790,53,1,1
1791,1791,40,1,1
1792,1792,709,2,1
1793,1793,3489,15,1
1794,1794,436,3,1
1795,1795,407,8,1
1796,1796,216,3,1
1797,1797,48,0,1
1798,1798,23,1,1
1799,1799,7,0,1
1800,1800,39,0,1
1801,1801,29,0,1
1802,1802,5,0,1
1803,1803,247,4,1
1804,1804,246,0,1
1805,1805,30,0,1
1806,1806,253,2,1
1807,1807,126,0,1
1808,1808,17,0,1
1809,1809,1,0,1
1810,1810,159,2,1
1811,1811,529,8,1
1812,1812,139,3,1
1813,1813,64895,1353,0
1814,1814,296,1,1
1815,1815,925,9,1
1816,1816,0,0,1
1817,1817,10,0,1
1818,1818,121,4,1
1819,1819,70,1,1
1820,1820,7,0,1
1821,1821,420,7,1
1822,1822,13,0,1
1823,1823,498,15,1
1824,1824,0,0,1
1825,1825,21,0,1
1826,1826,9,0,1
1827,1827,0,0,1
1828,1828,8797,154,1
1829,1829,57,1,1
1830,1830,146,4,1
1831,1831,122,2,1
1832,1832,143,3,1
1833,1833,22,0,1
1834,1834,137,1,1
1835,1835,4310,288,1
1836,1836,565,23,1
1837,1837,0,0,1
1838,1838,1992,103,1
1839,1839,515,13,1
1840,1840,52,1,1
1841,1841,3,0,1
1842,1842,3990,256,1
1843,1843,22276,2044,0
1844,1844,7006,494,1
1845,1845,9765,606,1
1846,1846,1008,95,1
1847,1847,3757,157,1
1848,1848,20898,2127,0
1849,1849,4389,226,1
1850,1850,20547,1513,0
1851,1851,1296,125,1
1852,1852,8596,635,1
1853,1853,19210,1425,0
1854,1854,11605,865,1
1855,1855,7795,831,1
1856,1856,12436,1044,1
1857,1857,0,0,1
1858,1858,18877,1252,0
1859,1859,1052,90,1
1860,1860,5725,572,1
1861,1861,1461,198,1
1862,1862,346,0,1
1863,1863,17517,1356,0
1864,1864,1436,171,1
1865,1865,6270,173,1
1866,1866,9,1,1
1867,1867,1066,11,1
1868,1868,413,20,1
1869,1869,29,1,1
1870,1870,759,5,1
1871,1871,1,0,1
1872,1872,3198,54,1
1873,1873,735,7,1
1874,1874,112,2,1
1875,1875,34,1,1
1876,1876,2,0,1
1877,1877,99,2,1
1878,1878,1349,22,1
1879,1879,196,3,1
1880,1880,32,0,1
1881,1881,411,6,1
1882,1882,4304,256,1
1883,1883,7,0,1
1884,1884,251,13,1
1885,1885,0,0,1
1886,1886,74,2,1
1887,1887,386,13,1
1888,1888,275,3,1
1889,1889,3280,197,1
1890,1890,103,0,1
1891,1891,1320,41,1
1892,1892,961,6,1
1893,1893,44,1,1
1894,1894,97,6,1
1895,1895,133,4,1
1896,1896,66,1,1
1897,1897,1373,0,1
1898,1898,31,2,1
1899,1899,567,4,1
1900,1900,3043,134,1
1901,1901,99,1,1
1902,1902,52710,4943,0
1903,1903,1480,69,1
1904,1904,258,6,1
1905,1905,204,2,1
1906,1906,551,9,1
1907,1907,361,3,1
1908,1908,248,7,1
1909,1909,156,5,1
1910,1910,585,37,1
1911,1911,164,0,1
1912,1912,132,4,1
1913,1913,5089,153,1
1914,1914,11112,689,1
1915,1915,161,0,1
1916,1916,65,0,1
1917,1917,332,24,1
1918,1918,317,5,1
1919,1919,321,18,1
1920,1920,15,0,1
1921,1921,327,10,1
1922,1922,164,0,1
1923,1923,67510,7319,0
1924,1924,50,0,1
1925,1925,202,8,1
1926,1926,489,17,1
1927,1927,5940,289,1
1928,1928,230,4,1
1929,1929,46388,2201,0
1930,1930,33187,3173,0
1931,1931,1741,101,1
1932,1932,2387,123,1
1933,1933,4270,205,1
1934,1934,466,35,1
1935,1935,11851,498,1
1936,1936,325,54,1
1937,1937,468,3,1
1938,1938,333,5,1
1939,1939,0,0,1
1940,1940,1587,63,1
1941,1941,71881,7244,0
1942,1942,902,42,1
1943,1943,15799,1085,0
1944,1944,14954,675,0
1945,1945,1014,17,1
1946,1946,1388,48,1
1947,1947,83,0,1
1948,1948,40,0,1
1949,1949,105,3,1
1950,1950,320,4,1
1951,1951,366,42,1
1952,1952,46208,2011,0
1953,1953,1576,48,1
1954,1954,225,25,1
1955,1955,405,0,1
1956,1956,2244,95,1
1957,1957,0,16,1
1958,1958,366,33,1
1959,1959,289,14,1
1960,1960,312,5,1
1961,1961,37903,1454,0
1962,1962,132,5,1
1963,1963,62,7,1
1964,1964,3793,54,1
1965,1965,495,6,1
1966,1966,220,0,1
1967,1967,558,4,1
1968,1968,252,1,1
1969,1969,330,0,1
1970,1970,869,17,1
1971,1971,555,8,1
1972,1972,831,14,1
1973,1973,1555,26,1
1974,1974,2923,80,1
1975,1975,2033,36,1
1976,1976,3836,63,1
1977,1977,1581,18,1
1978,1978,111,3,1
1979,1979,621,5,1
1980,1980,325,3,1
1981,1981,3014,52,1
1982,1982,1618,57,1
1983,1983,587,10,1
1984,1984,320,3,1
1985,1985,113,2,1
1986,1986,2095,60,1
1987,1987,1328,54,1
1988,1988,1307,33,1
1989,1989,5238,75,1
1990,1990,177,1,1
1991,1991,265,3,1
1992,1992,2651,34,1
1993,1993,537,6,1
1994,1994,2152,53,1
1995,1995,7589,92,1
1996,1996,1289,44,1
1997,1997,6886,96,1
1998,1998,1199,31,1
1999,1999,4923,77,1
2000,2000,134,3,1
2001,2001,128,2,1
2002,2002,1704,49,1
2003,2003,507,5,1
2004,2004,8244,179,1
2005,2005,980,18,1
2006,2006,2104,52,1
2007,2007,587,31,1
2008,2008,1927,64,1
2009,2009,718,27,1
2010,2010,1088,17,1
2011,2011,124,5,1
2012,2012,2708,27,1
2013,2013,538,7,1
2014,2014,4270,55,1
2015,2015,148,11,1
2016,2016,1588,13,1
2017,2017,946,29,1
2018,2018,1513,14,1
2019,2019,585,2,1
2020,2020,91,1,1
2021,2021,428,10,1
2022,2022,886,26,1
2023,2023,27768,343,0
2024,2024,104,3,1
2025,2025,1029,26,1
2026,2026,1540,27,1
2027,2027,2233,39,1
2028,2028,3949,29,1
2029,2029,412,17,1
2030,2030,1899,23,1
2031,2031,2603,55,1
2032,2032,0,0,1
2033,2033,235,2,1
2034,2034,688,30,1
2035,2035,909,5,1
2036,2036,179,3,1
2037,2037,417,6,1
2038,2038,4640,27,1
2039,2039,260,8,1
2040,2040,2696,51,1
2041,2041,940,15,1
2042,2042,4273,72,1
2043,2043,1170,14,1
2044,2044,3224,88,1
2045,2045,1135,31,1
2046,2046,1769,24,1
2047,2047,984,12,1
2048,2048,1840,56,1
2049,2049,414,3,1
2050,2050,1279,21,1
2051,2051,139,3,1
2052,2052,319,7,1
2053,2053,113,2,1
2054,2054,0,0,1
2055,2055,4629,58,1
2056,2056,1026,44,1
2057,2057,17070,235,0
2058,2058,325,7,1
2059,2059,201,8,1
2060,2060,613,1,1
2061,2061,3217,66,1
2062,2062,1175,33,1
2063,2063,2128,47,1
2064,2064,716,7,1
2065,2065,118,0,1
2066,2066,19,0,1
2067,2067,215,0,1
2068,2068,325,5,1
2069,2069,15,0,1
2070,2070,52,1,1
2071,2071,34,0,1
2072,2072,31,1,1
2073,2073,3280,38,1
2074,2074,4849,77,1
2075,2075,53,0,1
2076,2076,52,0,1
2077,2077,6,0,1
2078,2078,96,1,1
2079,2079,68,3,1
2080,2080,133,1,1
2081,2081,59,0,1
2082,2082,41,0,1
2083,2083,2119,13,1
2084,2084,15,0,1
2085,2085,56,1,1
2086,2086,55,0,1
2087,2087,43,0,1
2088,2088,47,0,1
2089,2089,40,0,1
2090,2090,58,1,1
2091,2091,61,3,1
2092,2092,201,2,1
2093,2093,257,2,1
2094,2094,125,0,1
2095,2095,1155,20,1
2096,2096,233,2,1
2097,2097,44,0,1
2098,2098,20,0,1
2099,2099,0,0,1
2100,2100,63,0,1
2101,2101,31,0,1
2102,2102,192,2,1
2103,2103,75,0,1
2104,2104,46,0,1
2105,2105,217,1,1
2106,2106,168,4,1
2107,2107,58,0,1
2108,2108,9,0,1
2109,2109,144,3,1
2110,2110,7,0,1
2111,2111,1391,7,1
2112,2112,28,0,1
2113,2113,499,3,1
2114,2114,16,0,1
2115,2115,107,0,1
2116,2116,0,0,1
2117,2117,174,1,1
2118,2118,961,4,1
2119,2119,33,0,1
2120,2120,905,7,1
2121,2121,69,2,1
2122,2122,126,4,1
2123,2123,1393,69,1
2124,2124,231,4,1
2125,2125,653,48,1
2126,2126,636,2,1
2127,2127,576,9,1
2128,2128,714,27,1
2129,2129,283,2,1
2130,2130,5771,106,1
2131,2131,151,7,1
2132,2132,300,3,1
2133,2133,1764,39,1
2134,2134,1665,21,1
2135,2135,284,13,1
2136,2136,1923,80,1
2137,2137,232,11,1
2138,2138,228,6,1
2139,2139,17262,654,0
2140,2140,780,41,1
2141,2141,286,10,1
2142,2142,2188,20,1
2143,2143,926,45,1
2144,2144,2058,52,1
2145,2145,227,6,1
2146,2146,26393,606,0
2147,2147,239,1,1
2148,2148,188,12,1
2149,2149,709,48,1
2150,2150,1397,32,1
2151,2151,160,8,1
2152,2152,12913,312,1
2153,2153,676,10,1
2154,2154,252,13,1
2155,2155,62,2,1
2156,2156,307,13,1
2157,2157,222,3,1
2158,2158,161,9,1
2159,2159,378,7,1
2160,2160,538,7,1
2161,2161,241,4,1
2162,2162,333,4,1
2163,2163,282,15,1
2164,2164,1596,50,1
2165,2165,627,22,1
2166,2166,1883,62,1
2167,2167,305,3,1
2168,2168,2293,86,1
2169,2169,7205,361,1
2170,2170,792,12,1
2171,2171,3014,280,1
2172,2172,3075,47,1
2173,2173,1442,39,1
2174,2174,174,10,1
2175,2175,1085,17,1
2176,2176,1394,51,1
2177,2177,110,18,1
2178,2178,7623,157,1
2179,2179,47,0,1
2180,2180,255,2,1
2181,2181,386,2,1
2182,2182,27,0,1
2183,2183,466,30,1
2184,2184,0,0,1
2185,2185,106,0,1
2186,2186,292,9,1
2187,2187,2641,44,1
2188,2188,174,0,1
2189,2189,1110,66,1
2190,2190,425,15,1
2191,2191,568,23,1
2192,2192,815,19,1
2193,2193,865,23,1
2194,2194,558,20,1
2195,2195,482,6,1
2196,2196,464,14,1
2197,2197,597,10,1
2198,2198,2790,170,1
2199,2199,5202,250,1
2200,2200,1861,131,1
2201,2201,920,20,1
2202,2202,0,0,1
2203,2203,509,2,1
2204,2204,114,3,1
2205,2205,45,3,1
2206,2206,2978,48,1
2207,2207,255,23,1
2208,2208,913,67,1
2209,2209,205,3,1
2210,2210,1752,72,1
2211,2211,205,12,1
2212,2212,599,10,1
2213,2213,62,0,1
2214,2214,289,1,1
2215,2215,50,0,1
2216,2216,349,1,1
2217,2217,117,1,1
2218,2218,890,4,1
2219,2219,727,20,1
2220,2220,2087,17,1
2221,2221,528,8,1
2222,2222,1042,8,1
2223,2223,304,2,1
2224,2224,24,0,1
2225,2225,5782,68,1
2226,2226,71,0,1
2227,2227,1531,12,1
2228,2228,67,3,1
2229,2229,494,1,1
2230,2230,1095,33,1
2231,2231,583,0,1
2232,2232,705,24,1
2233,2233,63,1,1
2234,2234,10,0,1
2235,2235,1552,18,1
2236,2236,349,4,1
2237,2237,972,11,1
2238,2238,41,0,1
2239,2239,106,8,1
2240,2240,43,0,1
2241,2241,27,1,1
2242,2242,270,4,1
2243,2243,289,4,1
2244,2244,729,10,1
2245,2245,42,0,1
2246,2246,153,4,1
2247,2247,544,13,1
2248,2248,330,2,1
2249,2249,71,2,1
2250,2250,133,2,1
2251,2251,1046,17,1
2252,2252,408,10,1
2253,2253,433,1,1
2254,2254,169,1,1
2255,2255,78,1,1
2256,2256,178,1,1
2257,2257,565,11,1
2258,2258,809,7,1
2259,2259,1247,34,1
2260,2260,298,5,1
2261,2261,127,1,1
2262,2262,1731,21,1
2263,2263,142,2,1
2264,2264,135,3,1
2265,2265,133,4,1
2266,2266,17135,186,0
2267,2267,795,5,1
2268,2268,804,13,1
2269,2269,819,4,1
2270,2270,0,0,1
2271,2271,247,3,1
2272,2272,2101,6,1
2273,2273,901,19,1
2274,2274,370,3,1
2275,2275,1256,10,1
2276,2276,149,1,1
2277,2277,42,1,1
2278,2278,1757,49,1
2279,2279,423,6,1
2280,2280,826,11,1
2281,2281,393,5,1
2282,2282,1455,8,1
2283,2283,87,2,1
2284,2284,16363,155,0
2285,2285,54,0,1
2286,2286,1430,26,1
2287,2287,967,40,1
2288,2288,68,0,1
2289,2289,99,0,1
2290,2290,1001,1,1
2291,2291,91,2,1
2292,2292,288,6,1
2293,2293,2314,61,1
2294,2294,127,0,1
2295,2295,155,1,1
2296,2296,147,0,1
2297,2297,61,1,1
2298,2298,31,0,1
2299,2299,789,12,1
2300,2300,221,3,1
2301,2301,8,0,1
2302,2302,8,0,1
2303,2303,12,0,1
2304,2304,248,0,1
2305,2305,1091,4,1
2306,2306,516,8,1
2307,2307,194,2,1
2308,2308,277,2,1
2309,2309,28,0,1
2310,2310,1059,16,1
2311,2311,475,13,1
2312,2312,480,13,1
2313,2313,1575,25,1
2314,2314,4522,92,1
2315,2315,490,6,1
2316,2316,6938,136,1
2317,2317,0,0,1
2318,2318,511,15,1
2319,2319,18,0,1
2320,2320,51,0,1
2321,2321,2928,41,1
2322,2322,0,0,1
2323,2323,435,2,1
2324,2324,28,1,1
2325,2325,273,3,1
2326,2326,4369,59,1
2327,2327,0,0,1
2328,2328,745,14,1
2329,2329,810,25,1
2330,2330,11867,354,1
2331,2331,424,18,1
2332,2332,1845,120,1
2333,2333,235,6,1
2334,2334,6939,393,1
2335,2335,609,16,1
2336,2336,132,3,1
2337,2337,8626,607,1
2338,2338,1024,23,1
2339,2339,553,7,1
2340,2340,8,0,1
2341,2341,455,28,1
2342,2342,2078,11,1
2343,2343,6701,367,1
2344,2344,116,3,1
2345,2345,313,2,1
2346,2346,200,6,1
2347,2347,873,35,1
2348,2348,298,3,1
2349,2349,1783,76,1
2350,2350,3735,179,1
2351,2351,11233,753,1
2352,2352,69,2,1
2353,2353,1504,38,1
2354,2354,778,7,1
2355,2355,15,0,1
2356,2356,1747,50,1
2357,2357,45,2,1
2358,2358,181,1,1
2359,2359,399,6,1
2360,2360,668,12,1
2361,2361,109,3,1
2362,2362,183,7,1
2363,2363,2417,216,1
2364,2364,7700,458,1
2365,2365,505,23,1
2366,2366,1971,59,1
2367,2367,5530,352,1
2368,2368,4050,189,1
2369,2369,641,25,1
2370,2370,57,2,1
2371,2371,705,16,1
2372,2372,218,2,1
2373,2373,1780,132,1
2374,2374,12028,878,1
2375,2375,164,5,1
2376,2376,4421,305,1
2377,2377,919,50,1
2378,2378,0,0,1
2379,2379,212,6,1
2380,2380,36004,1789,0
2381,2381,571,22,1
2382,2382,26,0,1
2383,2383,1076,52,1
2384,2384,283,4,1
2385,2385,211,3,1
2386,2386,11,0,1
2387,2387,293,28,1
2388,2388,65,3,1
2389,2389,0,0,1
2390,2390,453,6,1
2391,2391,83,1,1
2392,2392,42,1,1
2393,2393,1310,29,1
2394,2394,222,10,1
2395,2395,2135,52,1
2396,2396,72,8,1
2397,2397,4606,149,1
2398,2398,143,0,1
2399,2399,314,0,1
2400,2400,412,0,1
2401,2401,254,0,1
2402,2402,147,0,1
2403,2403,219,0,1
2404,2404,756,0,1
2405,2405,160,0,1
2406,2406,218,0,1
2407,2407,414,0,1
2408,2408,3444,0,1
2409,2409,321,0,1
2410,2410,1440,0,1
2411,2411,249,0,1
2412,2412,635,0,1
2413,2413,2415,0,1
2414,2414,407,0,1
2415,2415,331,0,1
2416,2416,112,0,1
2417,2417,220,0,1
2418,2418,296,0,1
2419,2419,265,0,1
2420,2420,236,0,1
2421,2421,566,0,1
2422,2422,22,0,1
2423,2423,723,0,1
2424,2424,473,0,1
2425,2425,251,0,1
2426,2426,97,0,1
2427,2427,279,0,1
2428,2428,164,0,1
2429,2429,1555,0,1
2430,2430,481,0,1
2431,2431,268,0,1
2432,2432,162,0,1
2433,2433,455,0,1
2434,2434,252,0,1
2435,2435,225,0,1
2436,2436,327,0,1
2437,2437,343,0,1
2438,2438,143,0,1
2439,2439,306,0,1
2440,2440,103,0,1
2441,2441,440,0,1
2442,2442,252,0,1
2443,2443,230,0,1
2444,2444,502,0,1
2445,2445,79,0,1
2446,2446,107,0,1
2447,2447,773,0,1
2448,2448,325,0,1
2449,2449,498,0,1
2450,2450,190,0,1
2451,2451,572,0,1
2452,2452,317,0,1
2453,2453,790,0,1
2454,2454,167,0,1
2455,2455,114,0,1
2456,2456,827,0,1
2457,2457,161,0,1
2458,2458,166,0,1
2459,2459,544,0,1
2460,2460,192,0,1
2461,2461,395,0,1
2462,2462,239,0,1
2463,2463,6758,0,1
2464,2464,438,0,1
2465,2465,344,0,1
2466,2466,165,0,1
2467,2467,1187,0,1
2468,2468,1228,0,1
2469,2469,969,0,1
2470,2470,525,617,1
2471,2471,129,0,1
2472,2472,683,0,1
2473,2473,895,0,1
2474,2474,86,0,1
2475,2475,128,0,1
2476,2476,267,0,1
2477,2477,375,0,1
2478,2478,404,0,1
2479,2479,1867,0,1
2480,2480,518,0,1
2481,2481,0,0,1
2482,2482,18437,0,0
2483,2483,2148,1102,1
2484,2484,803,0,1
2485,2485,548,12,1
2486,2486,4025,79,1
2487,2487,371,6,1
2488,2488,4215,170,1
2489,2489,629,33,1
2490,2490,674,16,1
2491,2491,5508,81,1
2492,2492,5390,88,1
2493,2493,446,17,1
2494,2494,15613,259,0
2495,2495,1119,35,1
2496,2496,1019,21,1
2497,2497,1203,36,1
2498,2498,1081,66,1
2499,2499,1006,42,1
2500,2500,1994,52,1
2501,2501,993,36,1
2502,2502,4065,88,1
2503,2503,797,17,1
2504,2504,755,34,1
2505,2505,4851,187,1
2506,2506,1869,45,1
2507,2507,13957,298,1
2508,2508,2170,72,1
2509,2509,629,25,1
2510,2510,10176,196,1
2511,2511,782,20,1
2512,2512,1892,37,1
2513,2513,2086,48,1
2514,2514,1626,56,1
2515,2515,701,34,1
2516,2516,6948,157,1
2517,2517,853,23,1
2518,2518,899,11,1
2519,2519,228,6,1
2520,2520,1202,23,1
2521,2521,1363,26,1
2522,2522,3056,123,1
2523,2523,0,0,1
2524,2524,2800,45,1
2525,2525,14691,230,0
2526,2526,684,20,1
2527,2527,6565,192,1
2528,2528,3150,77,1
2529,2529,0,0,1
2530,2530,551,12,1
2531,2531,1319,43,1
2532,2532,5187,68,1
2533,2533,45,0,1
2534,2534,723,9,1
2535,2535,62,1,1
2536,2536,79,1,1
2537,2537,704,2,1
2538,2538,1067,3,1
2539,2539,104,0,1
2540,2540,123,3,1
2541,2541,82,1,1
2542,2542,16,0,1
2543,2543,156,0,1
2544,2544,34,0,1
2545,2545,540,5,1
2546,2546,757,3,1
2547,2547,89,1,1
2548,2548,179,2,1
2549,2549,230,2,1
2550,2550,65,0,1
2551,2551,79,0,1
2552,2552,125,0,1
2553,2553,72,0,1
2554,2554,90,0,1
2555,2555,88,3,1
2556,2556,65,1,1
2557,2557,98,1,1
2558,2558,110,1,1
2559,2559,19,0,1
2560,2560,80,0,1
2561,2561,32,0,1
2562,2562,32,0,1
2563,2563,5,0,1
2564,2564,349,4,1
2565,2565,78,2,1
2566,2566,18,0,1
2567,2567,29,1,1
2568,2568,76,1,1
2569,2569,7,0,1
2570,2570,47,0,1
2571,2571,175,7,1
2572,2572,362,4,1
2573,2573,1251,2,1
2574,2574,120,3,1
2575,2575,38,0,1
2576,2576,88,1,1
2577,2577,29,0,1
2578,2578,487,4,1
2579,2579,30,0,1
2580,2580,19,0,1
2581,2581,6383,78,1
2582,2582,78,0,1
2583,2583,235,3,1
2584,2584,0,0,1
2585,2585,2091,35,1
2586,2586,36,0,1
2587,2587,40,0,1
2588,2588,167,1,1
2589,2589,23,0,1
2590,2590,115,0,1
2591,2591,34,0,1
2592,2592,9,0,1
2593,2593,112,5,1
2594,2594,114,0,1
2595,2595,143,2,1
2596,2596,0,0,1
2597,2597,367,6,1
2598,2598,102,0,1
2599,2599,372,4,1
2600,2600,60,0,1
2601,2601,1153,11,1
2602,2602,1317,17,1
2603,2603,334,9,1
2604,2604,848,4,1
2605,2605,2461,23,1
2606,2606,2883,17,1
2607,2607,424,3,1
2608,2608,281,0,1
2609,2609,849,18,1
2610,2610,1141,28,1
2611,2611,805,10,1
2612,2612,605,10,1
2613,2613,438,4,1
2614,2614,215,5,1
2615,2615,737,9,1
2616,2616,1156,12,1
2617,2617,529,19,1
2618,2618,1169,18,1
2619,2619,26194,297,0
2620,2620,550,13,1
2621,2621,495,6,1
2622,2622,1230,14,1
2623,2623,1314,13,1
2624,2624,1167,18,1
2625,2625,462,3,1
2626,2626,945,8,1
2627,2627,1586,20,1
2628,2628,576,17,1
2629,2629,360,3,1
2630,2630,1118,39,1
2631,2631,263,5,1
2632,2632,1873,25,1
2633,2633,9263,92,1
2634,2634,107,3,1
2635,2635,1546,25,1
2636,2636,991,15,1
2637,2637,780,16,1
2638,2638,933,16,1
2639,2639,1151,21,1
2640,2640,612,9,1
2641,2641,553,5,1
2642,2642,198,1,1
2643,2643,243,3,1
2644,2644,314,5,1
2645,2645,1085,14,1
2646,2646,662,2,1
2647,2647,9115,75,1
2648,2648,919,2,1
2649,2649,949,15,1
2650,2650,1003,11,1
2651,2651,179,1,1
2652,2652,596,1,1
2653,2653,1131,6,1
2654,2654,1033,20,1
2655,2655,2780,60,1
2656,2656,516,7,1
2657,2657,733,5,1
2658,2658,2289,23,1
2659,2659,1094,24,1
2660,2660,824,18,1
2661,2661,221,3,1
2662,2662,1010,17,1
2663,2663,3015,43,1
2664,2664,161,1,1
2665,2665,310,3,1
2666,2666,1112,9,1
2667,2667,2968,25,1
2668,2668,708,5,1
2669,2669,149,0,1
2670,2670,107,2,1
2671,2671,380,10,1
2672,2672,3170,38,1
2673,2673,791,11,1
2674,2674,864,3,1
2675,2675,2188,35,1
2676,2676,9113,88,1
2677,2677,208,2,1
2678,2678,226,2,1
2679,2679,2553,15,1
2680,2680,30397,449,0
2681,2681,697,10,1
2682,2682,182,2,1
2683,2683,2093,32,1
2684,2684,4750,93,1
2685,2685,1766,17,1
2686,2686,1651,7,1
2687,2687,2904,6,1
2688,2688,281,1,1
2689,2689,345,1,1
2690,2690,159,0,1
2691,2691,1019,7,1
2692,2692,2232,34,1
2693,2693,1489,6,1
2694,2694,1145,19,1
2695,2695,806,9,1
2696,2696,5139,36,1
2697,2697,3412,43,1
2698,2698,2822,31,1
2699,2699,415,8,1
2700,2700,2120,80,1
2701,2701,320,18,1
2702,2702,79,1,1
2703,2703,13,1,1
2704,2704,1154,30,1
2705,2705,485,9,1
2706,2706,214,5,1
2707,2707,158,8,1
2708,2708,1811,29,1
2709,2709,17,0,1
2710,2710,1818,30,1
2711,2711,5371,84,1
2712,2712,53794,1264,0
2713,2713,144,5,1
2714,2714,1,0,1
2715,2715,311,6,1
2716,2716,1331,50,1
2717,2717,11144,161,1
2718,2718,6178,62,1
2719,2719,215,2,1
2720,2720,12,1,1
2721,2721,303,22,1
2722,2722,563,23,1
2723,2723,337,6,1
2724,2724,721,12,1
2725,2725,1511,35,1
2726,2726,818,7,1
2727,2727,86,3,1
2728,2728,22544,886,0
2729,2729,350,11,1
2730,2730,19,0,1
2731,2731,338,15,1
2732,2732,250,5,1
2733,2733,1285,8,1
2734,2734,1534,28,1
2735,2735,68,0,1
2736,2736,84,1,1
2737,2737,50,1,1
2738,2738,52,3,1
2739,2739,70,3,1
2740,2740,13210,141,1
2741,2741,18,0,1
2742,2742,480,4,1
2743,2743,2642,102,1
2744,2744,299,3,1
2745,2745,129,2,1
2746,2746,415,5,1
2747,2747,1810,12,1
2748,2748,25,2,1
2749,2749,71,2,1
2750,2750,164,6,1
2751,2751,86,3,1
2752,2752,54,2,1
2753,2753,244,9,1
2754,2754,78723,1106,0
2755,2755,380,9,1
2756,2756,982,33,1
2757,2757,860,21,1
2758,2758,24,0,1
2759,2759,11770,151,1
2760,2760,48,2,1
2761,2761,254,7,1
2762,2762,61,1,1
2763,2763,434,14,1
2764,2764,168,3,1
2765,2765,4727,96,1
2766,2766,67,1,1
2767,2767,22821,510,0
2768,2768,4298,67,1
2769,2769,837,12,1
2770,2770,234,5,1
2771,2771,667,14,1
2772,2772,592,18,1
2773,2773,66,3,1
2774,2774,106,9,1
2775,2775,9,0,1
2776,2776,16049,282,0
2777,2777,132,6,1
2778,2778,404,2,1
2779,2779,973,9,1
2780,2780,328,8,1
2781,2781,11497,153,1
2782,2782,103,4,1
2783,2783,310,10,1
2784,2784,8,0,1
2785,2785,154,6,1
2786,2786,1057,17,1
2787,2787,289,5,1
2788,2788,1829,37,1
2789,2789,2191,61,1
2790,2790,1079,31,1
2791,2791,3566,76,1
2792,2792,1815,53,1
2793,2793,28,1,1
2794,2794,119,4,1
2795,2795,112,4,1
2796,2796,25,0,1
2797,2797,1325,29,1
2798,2798,139017,2535,2
2799,2799,878,31,1
2800,2800,125,0,1
2801,2801,62,2,1
2802,2802,5818,60,1
2803,2803,73,0,1
2804,2804,946,23,1
2805,2805,31162,1588,0
2806,2806,641,13,1
2807,2807,338,8,1
2808,2808,920,26,1
2809,2809,337,8,1
2810,2810,372,10,1
2811,2811,677,12,1
2812,2812,45,3,1
2813,2813,1595,36,1
2814,2814,196,4,1
2815,2815,10,0,1
2816,2816,131,2,1
2817,2817,606,15,1
2818,2818,470,25,1
2819,2819,14,0,1
2820,2820,7293,132,1
2821,2821,105,3,1
2822,2822,1450,35,1
2823,2823,2905,49,1
2824,2824,577,0,1
2825,2825,936,16,1
2826,2826,3088,47,1
2827,2827,331,7,1
2828,2828,7,2,1
2829,2829,9,0,1
2830,2830,590,10,1
2831,2831,16,1,1
2832,2832,0,0,1
2833,2833,44,1,1
2834,2834,997,41,1
2835,2835,67,8,1
2836,2836,362,11,1
2837,2837,1097,31,1
2838,2838,328,21,1
2839,2839,243,8,1
2840,2840,973,35,1
2841,2841,219,14,1
2842,2842,235,6,1
2843,2843,2260,49,1
2844,2844,562,11,1
2845,2845,32,0,1
2846,2846,368,8,1
2847,2847,122,2,1
2848,2848,0,0,1
2849,2849,10681,119,1
2850,2850,93,5,1
2851,2851,717,6,1
2852,2852,150,14,1
2853,2853,77,6,1
2854,2854,76,2,1
2855,2855,1041,44,1
2856,2856,3652,114,1
2857,2857,148,3,1
2858,2858,7626,100,1
2859,2859,23,0,1
2860,2860,1192,45,1
2861,2861,26,0,1
2862,2862,3636,82,1
2863,2863,488,5,1
2864,2864,59,0,1
2865,2865,86,1,1
2866,2866,171,3,1
2867,2867,10747,157,1
2868,2868,1158,20,1
2869,2869,183,3,1
2870,2870,7,0,1
2871,2871,1533,61,1
2872,2872,1249,26,1
2873,2873,178,10,1
2874,2874,222,5,1
2875,2875,20270,407,0
2876,2876,133,5,1
2877,2877,16,1,1
2878,2878,1921,41,1
2879,2879,0,0,1
2880,2880,538,15,1
2881,2881,376,25,1
2882,2882,1909,31,1
2883,2883,417,7,1
2884,2884,364,5,1
2885,2885,838,22,1
2886,2886,4707,62,1
2887,2887,96,6,1
2888,2888,67,3,1
2889,2889,2722,38,1
2890,2890,87,6,1
2891,2891,118,7,1
2892,2892,160,14,1
2893,2893,190,6,1
2894,2894,303,14,1
2895,2895,9,0,1
2896,2896,301,4,1
2897,2897,1576,25,1
2898,2898,263,5,1
2899,2899,900,10,1
2900,2900,77,8,1
2901,2901,199,15,1
2902,2902,225,9,1
2903,2903,1459,72,1
2904,2904,53,0,1
2905,2905,53,2,1
2906,2906,646,3,1
2907,2907,24,0,1
2908,2908,474,27,1
2909,2909,61,0,1
2910,2910,3702,97,1
2911,2911,140,5,1
2912,2912,3387,159,1
2913,2913,132,4,1
2914,2914,4,0,1
2915,2915,14,1,1
2916,2916,81,3,1
2917,2917,104,3,1
2918,2918,47917,698,0
2919,2919,1452,52,1
2920,2920,3,0,1
2921,2921,237,4,1
2922,2922,8,2,1
2923,2923,1557,28,1
2924,2924,3615,64,1
2925,2925,28745,417,0
2926,2926,194,7,1
2927,2927,214,4,1
2928,2928,0,0,1
2929,2929,383,10,1
2930,2930,23,2,1
2931,2931,764,31,1
2932,2932,2135,100,1
2933,2933,582,19,1
2934,2934,4020,95,1
2935,2935,3690,56,1
2936,2936,832,13,1
2937,2937,120,1,1
2938,2938,633,48,1
2939,2939,13369,288,1
2940,2940,1350,50,1
2941,2941,46,0,1
2942,2942,1652,22,1
2943,2943,137,2,1
2944,2944,1206,48,1
2945,2945,8515,142,1
2946,2946,888,26,1
2947,2947,113,2,1
2948,2948,761,13,1
2949,2949,513,21,1
2950,2950,203,5,1
2951,2951,294,6,1
2952,2952,333,6,1
2953,2953,347,16,1
2954,2954,3197,11,1
2955,2955,0,0,1
2956,2956,0,0,1
2957,2957,0,0,1
2958,2958,0,0,1
2959,2959,616,3,1
2960,2960,0,0,1
2961,2961,4817,28,1
2962,2962,0,0,1
2963,2963,0,0,1
2964,2964,0,0,1
2965,2965,0,0,1
2966,2966,0,0,1
2967,2967,0,0,1
2968,2968,0,0,1
2969,2969,0,0,1
2970,2970,0,0,1
2971,2971,0,0,1
2972,2972,0,0,1
2973,2973,0,0,1
2974,2974,28996,248,0
2975,2975,693,29,1
2976,2976,0,0,1
2977,2977,0,0,1
2978,2978,186,1,1
2979,2979,4067,30,1
2980,2980,961,1,1
2981,2981,838,0,1
2982,2982,230,2,1
2983,2983,0,0,1
2984,2984,0,0,1
2985,2985,16486,54,0
2986,2986,724,7,1
2987,2987,0,0,1
2988,2988,0,0,1
2989,2989,0,0,1
2990,2990,4110,30,1
2991,2991,83,2,1
2992,2992,109,1,1
2993,2993,34,0,1
2994,2994,831,39,1
2995,2995,6,0,1
2996,2996,123,7,1
2997,2997,14,0,1
2998,2998,57,1,1
2999,2999,24,0,1
3000,3000,21,0,1
3001,3001,0,0,1
3002,3002,128,1,1
3003,3003,8,0,1
3004,3004,77,2,1
3005,3005,123,3,1
3006,3006,84,2,1
3007,3007,1290,19,1
3008,3008,1169,19,1
3009,3009,1203,21,1
3010,3010,3741,68,1
3011,3011,77,4,1
3012,3012,124,5,1
3013,3013,381,4,1
3014,3014,208,3,1
3015,3015,3877,148,1
3016,3016,470,7,1
3017,3017,6,0,1
3018,3018,718,12,1
3019,3019,65,4,1
3020,3020,292,10,1
3021,3021,178,3,1
3022,3022,347,4,1
3023,3023,135,2,1
3024,3024,677,9,1
3025,3025,80,1,1
3026,3026,422,4,1
3027,3027,343,5,1
3028,3028,488,23,1
3029,3029,83,5,1
3030,3030,103,0,1
3031,3031,1105,28,1
3032,3032,4241,70,1
3033,3033,5851,94,1
3034,3034,93,0,1
3035,3035,250,25,1
3036,3036,30,0,1
3037,3037,29,0,1
3038,3038,1184,16,1
3039,3039,104,2,1
3040,3040,843,26,1
3041,3041,93,1,1
3042,3042,373,11,1
3043,3043,250,26,1
3044,3044,173,2,1
3045,3045,20437,583,0
3046,3046,134,7,1
3047,3047,69,6,1
3048,3048,917,25,1
3049,3049,197,8,1
3050,3050,372,9,1
3051,3051,194,1,1
3052,3052,397,9,1
3053,3053,860,13,1
3054,3054,531,5,1
3055,3055,413,30,1
3056,3056,85,0,1
3057,3057,230,2,1
3058,3058,260,7,1
3059,3059,307,10,1
3060,3060,212,3,1
3061,3061,774,11,1
3062,3062,332,6,1
3063,3063,1793,24,1
3064,3064,1248,36,1
3065,3065,2541,34,1
3066,3066,5331,211,1
3067,3067,1025,20,1
3068,3068,6,0,1
3069,3069,387,7,1
3070,3070,709,18,1
3071,3071,838,20,1
3072,3072,227,4,1
3073,3073,154,2,1
3074,3074,71,1,1
3075,3075,140,0,1
3076,3076,262,7,1
3077,3077,59,1,1
3078,3078,6720,123,1
3079,3079,281,6,1
3080,3080,113,3,1
3081,3081,1336,12,1
3082,3082,103,3,1
3083,3083,1904,25,1
3084,3084,607,7,1
3085,3085,378,15,1
3086,3086,41,0,1
3087,3087,671,33,1
3088,3088,112,10,1
3089,3089,1783,4,1
3090,3090,99,2,1
3091,3091,183,2,1
3092,3092,2700,37,1
3093,3093,4765,75,1
3094,3094,305,31,1
3095,3095,147,6,1
3096,3096,33,0,1
3097,3097,254,17,1
3098,3098,317,4,1
3099,3099,0,0,1
3100,3100,389,29,1
3101,3101,271,24,1
3102,3102,726,29,1
3103,3103,969,9,1
3104,3104,75,2,1
3105,3105,2534,58,1
3106,3106,219,5,1
3107,3107,568,12,1
3108,3108,774,5,1
3109,3109,12215,201,1
3110,3110,220,5,1
3111,3111,725,1,1
3112,3112,64,2,1
3113,3113,341,4,1
3114,3114,4551,60,1
3115,3115,806,7,1
3116,3116,1621,23,1
3117,3117,106,2,1
3118,3118,1390,21,1
3119,3119,242,5,1
3120,3120,263,4,1
3121,3121,181,4,1
3122,3122,801,58,1
3123,3123,449,8,1
3124,3124,744,22,1
3125,3125,2106,43,1
3126,3126,1971,17,1
3127,3127,246,0,1
3128,3128,1916,72,1
3129,3129,114,3,1
3130,3130,419,10,1
3131,3131,278,2,1
3132,3132,0,0,1
3133,3133,6689,83,1
3134,3134,415,6,1
3135,3135,544,17,1
3136,3136,257,3,1
3137,3137,266,3,1
3138,3138,177,7,1
3139,3139,490,4,1
3140,3140,393,8,1
3141,3141,227,4,1
3142,3142,537,8,1
3143,3143,818,10,1
3144,3144,89,2,1
3145,3145,4475,130,1
3146,3146,1836,15,1
3147,3147,225,1,1
3148,3148,2649,62,1
3149,3149,14,1,1
3150,3150,635,6,1
3151,3151,1182,9,1
3152,3152,29,0,1
3153,3153,4218,65,1
3154,3154,11,0,1
3155,3155,2853,20,1
3156,3156,460,6,1
3157,3157,301,11,1
3158,3158,71,0,1
3159,3159,21650,759,0
3160,3160,1152,13,1
3161,3161,512,22,1
3162,3162,191,3,1
3163,3163,483,4,1
3164,3164,41,1,1
3165,3165,378,5,1
3166,3166,1035,10,1
3167,3167,0,0,1
3168,3168,80,3,1
3169,3169,59,0,1
3170,3170,7697,200,1
3171,3171,29,0,1
3172,3172,1088,22,1
3173,3173,64,1,1
3174,3174,6762,211,1
3175,3175,6447,162,1
3176,3176,161,2,1
3177,3177,1038,17,1
3178,3178,292,4,1
3179,3179,6,0,1
3180,3180,869,5,1
3181,3181,1302,42,1
3182,3182,1184,0,1
3183,3183,11316,257,1
3184,3184,48,1,1
3185,3185,952,13,1
3186,3186,203,1,1
3187,3187,13,0,1
3188,3188,112,1,1
3189,3189,741,10,1
3190,3190,25,0,1
3191,3191,36,2,1
3192,3192,18,0,1
3193,3193,580,11,1
3194,3194,33,0,1
3195,3195,152,7,1
3196,3196,124,3,1
3197,3197,103,1,1
3198,3198,144,0,1
3199,3199,82,1,1
3200,3200,344,8,1
3201,3201,252,23,1
3202,3202,425,4,1
3203,3203,2415,72,1
3204,3204,38,2,1
3205,3205,157,2,1
3206,3206,588,39,1
3207,3207,259,3,1
3208,3208,163,1,1
3209,3209,138,5,1
3210,3210,86,1,1
3211,3211,404,27,1
3212,3212,171,4,1
3213,3213,367,9,1
3214,3214,1948,5,1
3215,3215,148,7,1
3216,3216,53,0,1
3217,3217,96,3,1
3218,3218,359,6,1
3219,3219,0,0,1
3220,3220,52,1,1
3221,3221,17,2,1
3222,3222,59,0,1
3223,3223,150,4,1
3224,3224,522,5,1
3225,3225,487,8,1
3226,3226,237,2,1
3227,3227,11,0,1
3228,3228,49,2,1
3229,3229,46,0,1
3230,3230,120,6,1
3231,3231,17,0,1
3232,3232,15,0,1
3233,3233,0,0,1
3234,3234,63,0,1
3235,3235,367,11,1
3236,3236,7,0,1
3237,3237,50,0,1
3238,3238,12,0,1
3239,3239,354,6,1
3240,3240,103,3,1
3241,3241,214,4,1
3242,3242,74,2,1
3243,3243,425,4,1
3244,3244,89,1,1
3245,3245,8032,61,1
3246,3246,128,2,1
3247,3247,155,3,1
3248,3248,942,2,1
3249,3249,489,0,1
3250,3250,347,8,1
3251,3251,549,2,1
3252,3252,147,0,1
3253,3253,9040,41,1
3254,3254,1677,14,1
3255,3255,264,3,1
3256,3256,397,0,1
3257,3257,426,0,1
3258,3258,1703,6,1
3259,3259,73,1,1
3260,3260,1840,13,1
3261,3261,231,4,1
3262,3262,873,19,1
3263,3263,458,2,1
3264,3264,215,0,1
3265,3265,169,0,1
3266,3266,137,1,1
3267,3267,115,1,1
3268,3268,1278,8,1
3269,3269,337,2,1
3270,3270,3334,65,1
3271,3271,428,2,1
3272,3272,2785,2,1
3273,3273,239,0,1
3274,3274,142,2,1
3275,3275,169,1,1
3276,3276,918,3,1
3277,3277,1151,14,1
3278,3278,783,7,1
3279,3279,207,1,1
3280,3280,58,0,1
3281,3281,27356,525,0
3282,3282,423,2,1
3283,3283,729,4,1
3284,3284,366,2,1
3285,3285,0,0,1
3286,3286,3793,28,1
3287,3287,1259,19,1
3288,3288,56,0,1
3289,3289,414,6,1
3290,3290,228,2,1
3291,3291,1270,4,1
3292,3292,57,0,1
3293,3293,4585,94,1
3294,3294,95,4,1
3295,3295,2327,32,1
3296,3296,52,1,1
3297,3297,832,3,1
3298,3298,196,1,1
3299,3299,643,1,1
3300,3300,1501,15,1
3301,3301,859,8,1
3302,3302,157,3,1
3303,3303,580,2,1
3304,3304,0,0,1
3305,3305,186,0,1
3306,3306,177,1,1
3307,3307,2503,34,1
3308,3308,95,1,1
3309,3309,2380,32,1
3310,3310,6838,86,1
3311,3311,942,19,1
3312,3312,289,2,1
3313,3313,2988,23,1
3314,3314,718,4,1
3315,3315,426,0,1
3316,3316,52,2,1
3317,3317,270,1,1
3318,3318,221,2,1
3319,3319,110,0,1
3320,3320,38,0,1
3321,3321,686,14,1
3322,3322,81,2,1
3323,3323,37,0,1
3324,3324,30,1,1
3325,3325,661,4,1
3326,3326,160,1,1
3327,3327,485,4,1
3328,3328,3,0,1
3329,3329,0,0,1
3330,3330,214,2,1
3331,3331,23,1,1
3332,3332,262,4,1
3333,3333,87,1,1
3334,3334,326,2,1
3335,3335,517,1,1
3336,3336,342,2,1
3337,3337,0,0,1
3338,3338,113,6,1
3339,3339,25,0,1
