Deaths,Confirmed
25,1715
49,5141
7,851
10,638
15,1580
14,597
39,911
40,3401
42,1144
15,583
31,1524
12,344
17,1070
7,554
6,335
8,1298
26,1629
11,530
3,167
27,1334
32,527
18,1868
44,1346
26,1759
19,2375
47,2596
25,1577
47,3402
8,435
29,1752
4,586
15,303
28,619
5,483
23,2764
11,1540
349,19306
2,357
33,1673
22,605
61,5792
19,2033
27,652
20,479
78,7709
19,705
29,954
44,3892
291,13233
8,580
177,8748
26,3239
0,0
6,539
14,645
9,1179
13,627
2,1732
50,5787
37,2263
19,432
28,2106
85,1138
116,7418
0,0
83,2253
13,551
11,530
12,718
0,2
0,8
28,3926
1,96
0,10
0,2
0,8
0,1001
9,5
0,0
0,273
1,440
2,49
0,21
0,12
0,0
2,587
0,57
0,96
0,98
0,0
1,7
0,30
0,44
0,0
0,24
0,17
0,76
0,13
0,23
1,79
0,0
164,3476
71,1886
133,3819
51,1245
24,808
2,59
15,536
3304,140409
223,3930
233,5763
0,0
613,25004
206,10422
63,2823
0,0
79,2495
344,12609
5,371
9,428
2,302
82,6399
10,664
8,340
0,34
9,630
19,1001
4,322
7,277
8,315
10,179
18,399
3,255
21,2759
15,1303
45,1903
8,422
3,158
5,284
6,350
19,2363
2,261
3,134
49,1798
2,252
8,823
4,359
26,1863
8,463
17,1051
0,202
1,302
64,2999
5,829
2,98
12,391
18,1052
15,1943
25,352
1,398
11,1102
2,337
0,83
11,797
50,1636
0,121
4,139
13,214
18,226
6,252
0,0
0,85
11,470
3,223
11,632
4,253
30,2054
1,142
143,8881
22,395
23,2007
1,97
1,141
58,3543
16,1196
6,208
6,1491
7,322
0,1624
32,858
2,172
109,9178
21,768
0,48
29,1240
395,20839
0,2
16,287
40,2776
14,314
6,522
202,16156
1,138
4,1078
362,27944
3,568
6,490
317,11658
14,187
357,31647
77,7544
11,516
0,736
6423,263333
65,4424
114,6620
2,75
18,887
140,8803
0,25
2,165
70,9645
13,1652
6,525
1176,52538
0,0
43,3523
0,50
1173,57695
393,21800
11,1314
908,53121
767,45425
99,10901
434,20060
27,3453
144,9664
111,8952
300,20648
8,2283
14,751
0,6
0,163
60,6232
120,7225
342,16425
10,1686
4,529
0,15
257,15782
4,226
0,0
146,12507
55,2773
7,1133
222,8684
9,242
370,8999
0,55
0,17
0,11
79,3990
33,616
19,325
0,13
1,37
0,31
1,32
1,73
0,17
3,187
434,12689
0,3
60,2458
10,1244
170,6743
3,152
1,170
5,936
0,18
1,71
7,296
0,3
1,19
0,9
248,5500
0,0
3,79
2,255
0,91
50,2424
0,21
0,9
5,850
7,551
0,20
1,40
5,131
13,373
48,736
6,92
1,25
0,0
1,55
0,34
2,221
0,94
37,1052
0,25
2,96
8,148
2,111
0,6
0,96
1,14
4,428
4,174
0,0
0,60
149,4597
1,101
1421,19949
1434,14456
140,1849
193,1560
1114,14294
114,1803
0,0
66,1328
0,135
15,941
115,2898
310,9777
0,0
204,6673
0,482
0,49
621,15050
0,0
0,0
49,7735
11,1426
101,5924
8,1054
284,8578
1343,76146
10,608
131,2978
92,2684
95,4895
208,12565
54,3690
24,1551
7,828
362,29717
222,12103
23,1687
3,604
45,2739
12,505
4,513
14,871
8,840
11,1313
42,2051
115,3064
82,2111
614,41178
6,735
115,3129
77,2768
8,550
12,1232
173,7365
462,20124
63,10204
9,1012
8,497
18,1009
282,11327
263,9541
138,4807
3127,167880
22,1813
41,2053
107,4802
24,1501
438,39412
140,12249
0,0
1308,45743
205,8988
736,21701
514,19452
38,2088
74,5236
251,7948
207,8911
69,5167
271,7875
65,2196
66,2657
12,1307
0,1623
12,903
232,10651
9,1106
24,1915
18,1064
26,1015
3,438
13,596
4,79
56,2078
7,473
46,2124
84,2835
21,751
12,442
159,5995
19,426
10,343
27,515
11,1126
27,2836
10,781
42,631
8,236
8,1250
18,444
64,2682
18,1139
6,622
149,8277
1,1628
17,739
91,5868
42,4939
2,120
159,7086
6,370
422,19283
43,2009
33,1877
59,3661
13,544
43,2546
5,166
17,539
5,278
7,797
353,18302
29,1122
12,415
14,334
185,3128
71,3485
32,477
2,239
23,1403
3,624
30,1015
6,419
20,618
49,1763
44,3069
45,3832
11,735
568,27247
11,801
2,38
94,3428
36,1812
22,754
23,498
398,26931
67,1585
148,8949
42,387
8,454
21,782
13,492
5,189
100,5073
80,3083
4,288
31,1914
4,211
19,708
25,777
29,403
22,414
8,538
18,354
5,296
64,1609
25,690
22,1091
7,213
3,235
78,3848
14,894
10,228
8,678
8,189
14,582
7,286
13,537
1,246
45,780
50,666
5,293
2,476
5,804
167,5920
85,2552
26,725
11,324
149,17364
50,2739
23,662
10,611
17,595
9,316
17,1429
22,311
23,678
1,32
9,327
28,331
159,6956
36,1828
2,104
10,400
9,347
59,1305
36,1030
14,478
62,927
5,162
0,21
10,804
10,207
18,383
31,327
62,1468
56,1735
44,1284
9,319
8,250
95,2776
22,294
7,186
6,2263
18,701
61,764
31,1496
53,1758
56,1475
5,140
8,657
28,1100
2,43
11,326
19,761
61,4491
20,247
5,261
18,333
30,523
3,103
37,2235
15,672
97,10546
0,0
0,57
9,386
1,28
0,0
147,12520
1,28
4,942
1,39
3,139
10,841
6,642
1,67
0,309
16,2558
1,56
0,27
0,24
100,8000
0,101
5,656
0,32
0,39
1,60
3,334
0,101
3,175
2,294
1,273
0,186
1,518
7,738
35,2542
0,345
0,83
0,14
0,88
1,571
8,648
24,420
0,23
0,0
5,324
7,853
1,218
18,215
0,151
35,2109
0,3
1,88
6,349
10,1032
1,73
4,296
23,1074
0,43
11,597
0,47
4,217
11,389
20,4472
11,460
2,154
0,142
20,1088
30,1396
5180,140623
2,400
4,201
1,104
38,1484
7,285
551,16955
7,111
0,64
1,836
3,373
5,99
3,505
0,153
2,69
7,216
5,645
0,67
3,199
0,37
0,64
5,636
19,359
24,1248
9,202
38,572
14,385
2,246
0,148
325,12790
77,2676
25,1947
3,627
56,1640
486,16545
2,251
1,347
6,348
1,440
42,1436
7,515
131,5463
0,518
0,98
1,129
2,97
15,459
118,4463
20,3200
0,120
5,129
15,639
13,339
23,628
3,208
6,651
0,2
49,3314
15,342
0,132
1,113
1,26
1,161
0,55
11,926
4,171
74,2869
3,299
44,2290
0,46
0,75
4,360
187,6386
2,53
6,484
21,1657
236,2238
24,507
4,648
1,147
2,314
1,198
5,256
0,161
20,702
374,13612
39,1351
149,5531
6,408
3,252
200,6060
57,1153
0,88
3,113
46,956
3,103
13,271
9,1933
56,2157
5,298
13,595
0,103
28,654
11,463
28,639
39,457
61,1895
18,959
109,6438
13,418
61,1321
2,120
25,303
2,235
4,489
33,897
35,419
109,4761
43,914
24,564
122,2681
25,781
63,1290
3,222
9,742
2,386
0,175
3,244
12,312
123,2279
9,503
17,1206
11,632
39,1382
319,10334
28,506
75,1610
761,20936
24,994
0,164
3,430
36,2512
21,505
38,706
11,172
32,894
7,77
24,286
0,0
1,167
1,96
13,215
1,141
46,2090
0,309
1,115
10,538
7,209
8,282
4,153
10,359
29,666
3,222
103,6226
7,253
7,374
12,331
0,69
13,2312
22,220
225,0
0,77
30,3494
0,126
24,1785
8,262
1,39
36,1223
1,261
14,747
3,250
14,482
6,255
1,68
0,33
6,252
3,129
1,74
1,302
88,4421
8,493
7,475
1,262
12,1959
2,265
2,179
5,650
2,148
1,233
21,1017
2,222
0,240
3,262
4,309
3,237
20,1092
5,1042
38,2741
4,122
0,66
3,365
7,751
6,503
41,2985
10,254
2,205
3,310
18,346
0,104
0,99
3,218
6,240
3,323
2,177
1,293
2,196
4,655
6,185
3,183
0,110
1,197
3,317
32,802
1,135
27,5073
3,258
1,101
0,249
7,613
109,3878
15,426
6,153
4,280
2,209
19,368
5,746
34,1768
1,173
0,186
1,144
10,153
5,90
54,1090
9,334
0,146
0,0
0,150
0,172
20,1091
2,156
261,15571
38,2033
8,270
2,48
0,232
28,2875
1,250
3,1469
17,3369
31,699
1,127
0,4
3,126
1,112
57,1296
6,945
11,449
2,84
14,1213
13,284
6,315
63,5173
0,104
1,570
0,33
0,69
2,307
0,6
5,447
2,148
3,113
3,518
1,81
0,13
7,474
0,58
1,48
2,47
0,64
8,108
0,11
4,346
6,978
0,21
1,161
0,105
10,2138
0,47
0,1
3,926
0,32
12,2072
10,2718
3,328
2,290
0,33
1,37
5,254
0,122
0,7
0,47
0,43
2,120
4,346
1,103
0,22
2,237
4,185
1,16
145,10411
1,82
1,78
0,24
4,233
0,13
11,1965
0,12
0,70
0,7
33,1097
1,72
0,20
1,277
1,108
1,357
0,45
6,386
0,29
2,15
1,92
0,166
6,70
0,30
0,96
0,5
0,52
0,0
1,414
8,111
0,230
0,69
0,8
3,1018
1,48
1,73
8,1734
0,61
0,42
0,83
11,697
1,107
85,8173
5,1661
30,2644
0,13
0,30
0,6
1,56
2,48
1,128
3,183
0,126
3,53
1,0
1,67
0,17
0,17
0,6
2,59
0,15
134,6757
19,307
9,315
1,150
1,54
13,711
1,87
12,482
25,1540
1,178
6,412
0,266
0,40
0,84
2,126
9,844
16,337
0,147
8,552
16,851
1,77
5,196
3,165
15,269
19,1195
8,305
6,305
2,111
1,121
0,100
14,1320
12,131
0,38
0,142
70,5729
0,82
2,176
12,606
2,142
8,98
3,152
6,158
29,727
13,382
8,259
4,378
0,79
11,1254
10,367
0,171
1,169
3,686
2,187
0,75
39,612
17,354
300,14882
0,581
1,147
45,1978
1,177
9,465
1,112
6,802
0,55
0,18
0,66
2,125
14,222
13,183
1,84
27,540
4,67
6,1681
0,80
8,218
3,285
3,75
2,122
9,698
0,144
1,74
3,202
0,44
2,203
2,110
4,204
3,267
0,53
12,755
4,488
1,31
9,444
25,1088
0,0
2,97
1,37
0,92
8,329
3,395
0,92
10,761
0,12
1,168
1,209
6,244
10,734
24,1040
8,270
0,198
7,287
8,181
0,170
0,59
0,0
2,306
41,4224
1,143
0,136
3,157
2,314
0,31
0,258
96,2933
46,1545
97,3704
24,758
53,1491
37,984
32,473
106,3181
349,8360
210,7794
3,300
2,225
10,432
21,502
13,508
35,893
439,14983
4,542
66,1723
32,1306
38,1193
30,486
89,2898
58,1407
22,632
565,17386
39,1225
7,421
126,8875
119,3599
47,1199
74,3730
8,866
22,770
25,1103
587,12436
141,6122
0,0
19,666
40,1053
148,4140
21,351
10,749
13,840
29,1383
59,1777
4,410
40,808
98,1576
124,3272
60,2081
77,1901
251,6858
117,4416
2,159
112,3603
182,193
42,959
60,2028
46,1042
65,1608
22,1217
41,900
10,343
25,711
18,616
10,693
1,43
70,2290
1,60
1,53
11,207
1,36
1,41
0,0
1,132
6,252
0,9
0,65
8,85
0,0
14,73
0,16
15,1115
22,454
245,9759
621,17579
483,15329
28,920
5,638
125,1920
33,1025
99,2725
10,578
131,3958
1,72
76,2945
123,4983
24,298
841,22002
0,0
821,28784
26,645
4,251
57,1259
6,543
10,0
37,1691
48,1919
26,1020
174,1722
49,706
690,9858
0,0
1,151
1273,19305
67,404
773,8075
142,1208
2133,26943
0,0
1050,10107
0,0
764,9567
1131,23891
5,2416
1095,14159
2,41
0,19
7,743
14,151
0,68
3,69
0,20
3,283
48,985
2,80
74,1832
5,594
45,1265
16,547
3,101
2,90
0,76
4,112
13,658
5,123
7,327
2,114
10,634
4,156
5,195
308,4393
2,91
1,156
7,467
15,262
27,334
2,388
5,219
47,3362
7,350
12,209
1,114
13,683
44,1037
92,2707
4,82
174,9594
0,8
0,32
36,593
1,111
17,787
30,1335
0,12
0,57
1015,14229
2,71
12,341
0,136
3,195
1,339
73,5589
11,585
1,59
29,1486
5,304
0,14
70,1475
1,339
1196,20235
6,514
5,65
0,42
0,93
1,30
11,172
66,3296
3,206
1,26
4,93
139,2894
7,147
0,24
31,499
55,980
11,735
31,497
0,18
17,744
115,3419
2968,34582
4,120
1,74
132,5870
2,257
5,388
3,522
0,73
6,1632
2,182
1,246
7,1375
3,142
1,203
1,466
40,1316
0,26
0,6
0,219
18,464
125,7280
0,214
2,278
0,132
0,111
3,529
9,344
4,59
926,26264
0,117
1,88
0,271
14,299
1,137
8,116
2,955
0,12
3,117
1,47
0,57
1,21
4,446
0,105
4,661
1,46
1,50
10,357
2,470
2,189
3,153
1,216
5,1308
2,156
16,515
16,1943
0,52
27,2346
4,407
0,0
1,115
0,307
10,216
4,294
0,90
318,10635
1,40
1,151
7,136
8,1311
0,162
0,117
33,2487
14,1114
3,189
38,1451
24,3865
2,530
1,94
1,123
2,483
0,29
52,218
0,180
0,67
8,566
55,3652
4,514
3,58
18,855
7,1553
2,169
37,926
11,786
10,321
25,653
2,223
66,1813
12,508
12,314
24,667
6,181
16,459
45,570
18,585
28,1144
33,1166
22,813
59,5477
71,2425
3,192
13,759
17,359
36,1072
21,572
73,3805
159,7032
58,1095
15,375
3,104
21,787
69,3430
15,562
9,244
11,335
79,2452
15,288
39,2137
34,1655
125,2038
12,429
38,946
68,2654
81,1383
53,1075
58,1449
86,3233
35,845
16,1085
68,1207
20,458
104,1556
23,767
16,546
50,1763
0,0
27,1455
53,870
18,416
50,1224
16,1249
17,834
5,373
77,3225
26,1171
13,265
44,1018
14,529
12,365
46,1439
21,764
37,962
17,654
38,667
13,482
0,0
24,988
25,595
50,1384
72,2197
21,888
13,333
18,302
19,735
14,423
30,1046
0,326
2,238
0,50
2,413
6,460
0,178
2,101
3,275
1,322
8,4504
15,1834
6,610
1,79
2,602
10,884
12,1588
1,137
1,87
23,1434
0,95
0,44
5,1314
0,61
41,1760
0,210
11,1434
2,404
4,369
0,54
1,182
1,98
2,126
1,132
3,174
7,764
28,1610
18,158
9,121
24,5701
3,181
1,103
4,178
2,88
1,75
2,167
3,556
0,57
92,7064
48,3634
57,4021
4,1046
122,10823
1,49
4,584
2,486
2,571
2,81
3,733
1,67
1,391
0,149
0,285
0,74
14,643
11,1052
0,28
1,463
3,291
4,289
0,86
1,82
1,315
16,511
14,1407
9,729
0,102
2,136
0,0
0,117
9,497
4,610
10,1065
7,440
3,233
10,656
3,503
5,612
1,33
0,145
3,227
0,159
0,38
1,153
9,693
0,22
1,31
16,837
1,89
1,61
115,7399
0,57
9,1959
788,23297
195,6934
1,187
12,478
4,418
0,185
31,1157
2,298
0,0
1,167
0,460
10,367
0,200
3,593
0,20
0,278
1,78
22,866
0,21
0,17
0,115
0,0
5,624
0,26
2,110
0,5
1,76
0,114
0,5
1,60
16,923
4,1247
0,16
1,208
0,3
0,22
3,143
0,67
0,6
1,260
3,235
0,16
3,106
1,97
0,19
2,25
0,2
3,584
1,35
0,0
0,92
0,0
0,119
0,23
0,5
0,10
0,1
2,129
2,77
1,213
18,614
1,45
0,13
0,241
2,56
1,40
0,21
6,71
0,3
0,0
0,61
0,11
0,9
62,2927
12,520
1,65
0,1
0,2
0,0
0,73
1,70
0,19
0,26
4,1014
0,76
1,111
2,319
0,80
0,23
4,46
0,36
0,71
5,767
0,124
4,83
43,2176
0,119
12,1071
0,4
2,85
11,1123
190,15495
1,11
1,54
0,24
0,7
1,38
5,212
0,9
0,8
0,34
0,1
0,25
47,1979
12,126
0,19
0,0
0,4
1,63
0,7
5,94
0,28
0,42
0,139
0,62
0,4
0,15
0,152
24,5906
2,362
0,6
0,3
5,800
0,6
1,81
0,76
0,39
0,119
0,15
1,144
0,0
0,17
10,34
0,106
8,101
3,1043
1,54
0,30
1,53
1,40
2,709
15,3489
3,436
8,407
3,216
0,48
1,23
0,7
0,39
0,29
0,5
4,247
0,246
0,30
2,253
0,126
0,17
0,1
2,159
8,529
3,139
1353,64895
1,296
9,925
0,0
0,10
4,121
1,70
0,7
7,420
0,13
15,498
0,0
0,21
0,9
0,0
154,8797
1,57
4,146
2,122
3,143
0,22
1,137
288,4310
23,565
0,0
103,1992
13,515
1,52
0,3
256,3990
2044,22276
494,7006
606,9765
95,1008
157,3757
2127,20898
226,4389
1513,20547
125,1296
635,8596
1425,19210
865,11605
831,7795
1044,12436
0,0
1252,18877
90,1052
572,5725
198,1461
0,346
1356,17517
171,1436
173,6270
1,9
11,1066
20,413
1,29
5,759
0,1
54,3198
7,735
2,112
1,34
0,2
2,99
22,1349
3,196
0,32
6,411
256,4304
0,7
13,251
0,0
2,74
13,386
3,275
197,3280
0,103
41,1320
6,961
1,44
6,97
4,133
1,66
0,1373
2,31
4,567
134,3043
2,99
4943,52710
85,1480
7,258
2,204
9,551
3,361
7,248
5,156
47,585
1,164
4,132
156,5089
689,11112
13,161
1,65
28,332
6,317
18,321
1,15
10,327
1,164
7319,67510
5,50
8,202
17,489
289,5940
9,230
2201,46388
3173,33187
101,1741
123,2387
205,4270
35,466
498,11851
55,325
3,468
5,333
106,0
63,1587
7244,71881
42,902
1085,15799
675,14954
17,1014
48,1388
2,83
0,40
3,105
4,320
42,366
2012,46208
48,1576
25,225
0,405
95,2244
16,0
33,366
14,289
5,312
1455,37903
5,132
7,62
54,3793
6,495
0,220
4,558
1,252
0,330
17,869
8,555
14,831
26,1555
80,2923
36,2033
63,3836
18,1581
3,111
5,621
3,325
52,3014
57,1618
10,587
3,320
2,113
60,2095
54,1328
33,1307
75,5238
1,177
3,265
34,2651
6,537
53,2152
92,7589
44,1289
96,6886
31,1199
77,4923
3,134
2,128
49,1704
5,507
179,8244
18,980
52,2104
31,587
64,1927
27,718
17,1088
5,124
27,2708
7,538
55,4270
11,148
13,1588
29,946
14,1513
2,585
1,91
10,428
26,886
343,27768
3,104
26,1029
27,1540
39,2233
29,3949
17,412
23,1899
55,2603
0,0
2,235
30,688
5,909
3,179
6,417
27,4640
8,260
51,2696
15,940
72,4273
14,1170
88,3224
31,1135
24,1769
12,984
56,1840
3,414
21,1279
3,139
7,319
2,113
0,0
58,4629
44,1026
235,17070
7,325
8,201
1,613
66,3217
33,1175
47,2128
7,716
0,118
0,19
0,215
5,325
0,15
1,52
0,34
1,31
38,3280
77,4849
0,53
0,52
0,6
1,96
3,68
1,133
0,59
0,41
13,2119
0,15
1,56
0,55
0,43
0,47
0,40
1,58
3,61
2,201
2,257
0,125
20,1155
2,233
0,44
0,20
0,0
0,63
0,31
2,192
0,75
0,46
1,217
4,168
0,58
0,9
3,144
0,7
7,1391
0,28
3,499
0,16
0,107
0,0
1,174
4,961
0,33
7,905
2,69
4,126
69,1393
4,231
48,653
2,636
9,576
27,714
2,283
106,5771
7,151
3,300
39,1764
21,1665
13,284
80,1923
11,232
6,228
654,17262
41,780
10,286
20,2188
45,926
52,2058
6,227
606,26393
1,239
12,188
48,709
32,1397
8,160
312,12913
10,676
13,252
2,62
13,307
3,222
9,161
7,378
7,538
4,241
4,333
15,282
50,1596
22,627
62,1883
3,305
86,2293
361,7205
12,792
280,3014
47,3075
39,1442
10,174
17,1085
51,1394
18,110
157,7623
0,47
2,255
2,386
0,27
30,466
0,0
0,106
9,292
44,2641
0,174
66,1110
15,425
23,568
19,815
23,865
20,558
6,482
14,464
10,597
170,2790
250,5202
131,1861
20,920
0,0
2,509
3,114
3,45
48,2978
23,255
67,913
3,205
72,1752
12,205
10,599
0,62
1,289
0,50
1,349
1,117
4,890
20,727
17,2087
8,528
8,1042
2,304
0,24
68,5782
0,71
12,1531
3,67
1,494
33,1095
0,583
24,705
1,63
0,10
18,1552
4,349
11,972
0,41
8,106
0,43
1,27
4,270
4,289
10,729
0,42
4,153
13,544
2,330
2,71
2,133
17,1046
10,408
1,433
1,169
1,78
1,178
11,565
7,809
34,1247
5,298
1,127
21,1731
2,142
3,135
4,133
186,17135
5,795
13,804
4,819
0,0
3,247
6,2101
19,901
3,370
10,1256
1,149
1,42
49,1757
6,423
11,826
5,393
8,1455
2,87
155,16363
0,54
26,1430
40,967
0,68
0,99
1,1001
2,91
6,288
61,2314
0,127
1,155
0,147
1,61
0,31
12,789
3,221
0,8
0,8
0,12
0,248
4,1091
8,516
2,194
2,277
0,28
16,1059
13,475
13,480
25,1575
92,4522
6,490
136,6938
0,0
15,511
0,18
0,51
41,2928
0,0
2,435
1,28
3,273
59,4369
0,0
14,745
25,810
354,11867
18,424
120,1845
6,235
393,6939
16,609
3,132
607,8626
23,1024
7,553
0,8
28,455
11,2078
367,6701
3,116
2,313
6,200
35,873
3,298
76,1783
179,3735
753,11233
2,69
38,1504
7,778
0,15
50,1747
2,45
1,181
6,399
12,668
3,109
7,183
216,2417
458,7700
23,505
59,1971
352,5530
189,4050
25,641
2,57
16,705
2,218
132,1780
878,12028
5,164
305,4421
50,919
0,0
6,212
1789,36004
22,571
0,26
52,1076
4,283
3,211
0,11
28,293
3,65
0,0
6,453
1,83
1,42
29,1310
10,222
52,2135
8,72
149,4606
0,143
0,314
0,412
0,254
0,147
0,219
0,756
0,160
0,218
0,414
0,3444
0,321
0,1440
0,249
0,635
0,2415
0,407
0,331
0,112
0,220
0,296
0,265
0,236
0,566
0,22
0,723
0,473
0,251
0,97
0,279
0,164
0,1555
0,481
0,268
0,162
0,455
0,252
0,225
0,327
0,343
0,143
0,306
0,103
0,440
0,252
0,230
0,502
0,79
0,107
0,773
0,325
0,498
0,190
0,572
0,317
0,790
0,167
0,114
0,827
0,161
0,166
0,544
0,192
0,395
0,239
0,6758
0,438
0,344
0,165
0,1187
0,1228
0,969
617,525
0,129
0,683
0,895
0,86
0,128
0,267
0,375
16,404
111,1867
10,518
0,0
890,18437
3,2148
73,803
12,548
79,4025
6,371
170,4215
33,629
16,674
81,5508
88,5390
17,446
259,15613
35,1119
21,1019
36,1203
66,1081
42,1006
52,1994
36,993
88,4065
17,797
34,755
187,4851
45,1869
298,13957
72,2170
25,629
196,10176
20,782
37,1892
48,2086
56,1626
34,701
157,6948
23,853
11,899
6,228
23,1202
26,1363
123,3056
0,0
45,2800
230,14691
20,684
192,6565
77,3150
0,0
12,551
43,1319
68,5187
0,45
9,723
1,62
1,79
2,704
3,1067
0,104
3,123
1,82
0,16
0,156
0,34
5,540
3,757
1,89
2,179
2,230
0,65
0,79
0,125
0,72
0,90
3,88
1,65
1,98
1,110
0,19
0,80
0,32
0,32
0,5
4,349
2,78
0,18
1,29
1,76
0,7
0,47
7,175
4,362
2,1251
3,120
0,38
1,88
0,29
4,487
0,30
0,19
78,6383
0,78
3,235
0,0
35,2091
0,36
0,40
1,167
0,23
0,115
0,34
0,9
5,112
0,114
2,143
0,0
6,367
0,102
4,372
0,60
11,1153
17,1317
9,334
4,848
23,2461
17,2883
3,424
0,281
18,849
28,1141
10,805
10,605
4,438
5,215
9,737
12,1156
19,529
18,1169
297,26194
13,550
6,495
14,1230
13,1314
18,1167
3,462
8,945
20,1586
17,576
3,360
39,1118
5,263
25,1873
92,9263
3,107
25,1546
15,991
16,780
16,933
21,1151
9,612
5,553
1,198
3,243
5,314
14,1085
2,662
75,9115
2,919
15,949
11,1003
1,179
1,596
6,1131
20,1033
60,2780
7,516
5,733
23,2289
24,1094
18,824
3,221
17,1010
43,3015
1,161
3,310
9,1112
25,2968
5,708
0,149
2,107
10,380
38,3170
11,791
3,864
35,2188
88,9113
2,208
2,226
15,2553
449,30397
10,697
2,182
32,2093
93,4750
17,1766
7,1651
6,2904
1,281
1,345
0,159
7,1019
34,2232
6,1489
19,1145
9,806
36,5139
43,3412
31,2822
8,415
80,2120
18,320
1,79
1,13
30,1154
9,485
5,214
8,158
29,1811
0,17
30,1818
84,5371
1264,53794
5,144
0,1
6,311
50,1331
161,11144
62,6178
2,215
1,12
22,303
23,563
6,337
12,721
35,1511
7,818
3,86
886,22544
11,350
0,19
15,338
5,250
8,1285
28,1534
0,68
1,84
1,50
3,52
3,70
141,13210
0,18
4,480
102,2642
3,299
2,129
5,415
12,1810
2,25
2,71
6,164
3,86
2,54
9,244
1106,78723
9,380
33,982
21,860
0,24
151,11770
2,48
7,254
1,61
14,434
3,168
96,4727
1,67
510,22821
67,4298
12,837
5,234
14,667
18,592
3,66
9,106
0,9
282,16049
6,132
2,404
9,973
8,328
153,11497
4,103
10,310
0,8
6,154
17,1057
5,289
37,1829
61,2191
31,1079
76,3566
53,1815
1,28
4,119
4,112
0,25
29,1325
2535,139017
31,878
0,125
2,62
60,5818
0,73
23,946
1588,31162
13,641
8,338
26,920
8,337
10,372
12,677
3,45
36,1595
4,196
0,10
2,131
15,606
25,470
0,14
132,7293
3,105
35,1450
49,2905
0,577
16,936
47,3088
7,331
2,7
0,9
10,590
1,16
0,0
1,44
41,997
8,67
11,362
31,1097
21,328
8,243
35,973
14,219
6,235
49,2260
11,562
0,32
8,368
2,122
0,0
119,10681
5,93
6,717
14,150
6,77
2,76
44,1041
114,3652
3,148
100,7626
0,23
45,1192
0,26
82,3636
5,488
0,59
1,86
3,171
157,10747
20,1158
3,183
0,7
61,1533
26,1249
10,178
5,222
407,20270
5,133
1,16
41,1921
0,0
15,538
25,376
31,1909
7,417
5,364
22,838
62,4707
6,96
3,67
38,2722
6,87
7,118
14,160
6,190
14,303
0,9
4,301
25,1576
5,263
10,900
8,77
15,199
9,225
72,1459
0,53
2,53
3,646
0,24
27,474
0,61
97,3702
5,140
159,3387
4,132
0,4
1,14
3,81
3,104
698,47917
52,1452
0,3
4,237
2,8
28,1557
64,3615
417,28745
7,194
4,214
0,0
10,383
2,23
31,764
100,2135
19,582
95,4020
56,3690
13,832
1,120
48,633
297,13369
50,1350
0,46
22,1652
2,137
48,1206
142,8515
26,888
2,113
13,761
21,513
5,203
6,294
6,333
16,347
11,3197
0,0
0,0
0,0
0,0
3,616
0,0
28,4817
0,0
0,0
0,0
0,0
0,0
0,0
0,0
0,0
0,0
0,0
0,0
0,0
248,28996
29,693
0,0
0,0
1,186
30,4067
1,961
0,838
2,230
0,0
0,0
54,16486
7,724
0,0
0,0
0,0
30,4110
2,83
1,109
0,34
39,831
0,6
7,123
0,14
1,57
0,24
0,21
0,0
1,128
0,8
2,77
3,123
2,84
19,1290
19,1169
21,1203
68,3741
4,77
5,124
4,381
3,208
148,3877
7,470
0,6
12,718
4,65
10,292
3,178
4,347
2,135
9,677
1,80
4,422
5,343
23,488
5,83
0,103
28,1105
70,4241
94,5851
0,93
25,250
0,30
0,29
16,1184
2,104
26,843
1,93
11,373
26,250
2,173
583,20437
7,134
6,69
25,917
8,197
9,372
3,194
9,397
13,860
5,531
30,413
0,85
2,230
7,260
10,307
3,212
11,774
6,332
24,1793
36,1248
34,2541
211,5331
20,1025
0,6
7,387
18,709
20,838
4,227
2,154
1,71
0,140
7,262
1,59
123,6720
6,281
3,113
12,1336
3,103
25,1904
7,607
15,378
0,41
33,671
10,112
4,1783
2,99
2,183
37,2700
75,4765
31,305
6,147
0,33
17,254
4,317
0,0
29,389
24,271
29,726
9,969
2,75
58,2534
5,219
12,568
5,774
201,12215
5,220
1,725
2,64
4,341
60,4551
7,806
23,1621
2,106
21,1390
5,242
4,263
4,181
58,801
8,449
22,744
43,2106
17,1971
0,246
72,1916
3,114
10,419
2,278
0,0
83,6689
6,415
17,544
3,257
3,266
7,177
4,490
8,393
4,227
8,537
10,818
2,89
130,4475
15,1836
1,225
62,2649
1,14
6,635
9,1182
0,29
65,4218
0,11
20,2853
6,460
11,301
0,71
759,21650
13,1152
22,512
3,191
4,483
1,41
5,378
10,1035
0,0
3,80
0,59
200,7697
0,29
22,1088
1,64
211,6762
162,6447
2,161
17,1038
4,292
0,6
5,869
42,1302
0,1184
257,11316
1,48
13,952
1,203
0,13
1,112
10,741
0,25
2,36
0,18
11,580
0,33
7,152
3,124
1,103
0,144
1,82
8,344
23,252
4,425
72,2415
2,38
2,157
39,588
3,259
1,163
5,138
1,86
27,404
4,171
9,367
5,1948
7,148
0,53
3,96
6,359
0,0
1,52
2,17
0,59
4,150
5,522
8,487
2,237
0,11
2,49
0,46
6,120
0,17
0,15
0,0
0,63
11,367
0,7
0,50
0,12
6,354
3,103
4,214
2,74
4,425
1,89
64,8032
2,128
3,155
4,942
0,489
8,347
2,549
0,147
43,9040
16,1677
3,264
0,397
0,426
6,1703
1,73
15,1840
4,231
19,873
2,458
0,215
0,169
1,137
1,115
8,1278
2,337
68,3334
2,428
3,2785
0,239
2,142
1,169
4,918
14,1151
8,783
1,207
0,58
542,27356
2,423
5,729
2,366
0,0
31,3793
22,1259
0,56
7,414
2,228
4,1270
0,57
98,4585
4,95
32,2327
1,52
4,832
1,196
1,643
16,1501
9,859
4,157
2,580
0,0
1,186
1,177
35,2503
1,95
34,2380
93,6838
21,942
2,289
28,2988
5,718
0,426
2,52
1,270
2,221
0,110
0,38
14,686
2,81
0,37
1,30
4,661
1,160
4,485
0,3
0,0
2,214
1,23
4,262
1,87
2,326
1,517
2,342
0,0
6,113
0,25