Date,Alabama,Wyoming,Wisconsin,West Virginia,Washington,Virginia,Vermont,Utah,Texas,Tennessee,South Dakota,South Carolina,Rhode island,Puerto Rico,Pennsylvania,Oregon,Oklahoma,Ohio,North Dakota,North Carolina,New York,New Mexico,New Jersey,New Hampshire,Nevada,Nebraska,Montana,Missouri,Mississippi,Minnesota,Michigan,Massachusetts,Maryland,Maine,lowa,Louisiana,Kentucky,Kansas,Indiana,Illinois,Idaho,Hawaii,Georgia,Florida,District of Columbia,Delaware,Connecticut,Colorado,California,Arkansas,Arizona,Alaska
2020-01-22,0,0,0,0,0,0,0,0,0,0,0,0,0,0,0,0,0,0,0,0,0,0,0,0,0,0,0,0,0,0,0,0,0,0,0,0,0,0,0,0,0,0,0,0,0,0,0,0,0,0,0,0
2020-01-23,0,0,0,0,0,0,0,0,0,0,0,0,0,0,0,0,0,0,0,0,0,0,0,0,0,0,0,0,0,0,0,0,0,0,0,0,0,0,0,0,0,0,0,0,0,0,0,0,0,0,0,0
2020-01-24,0,0,0,0,0,0,0,0,0,0,0,0,0,0,0,0,0,0,0,0,0,0,0,0,0,0,0,0,0,0,0,0,0,0,0,0,0,0,0,0,0,0,0,0,0,0,0,0,0,0,0,0
2020-01-25,0,0,0,0,0,0,0,0,0,0,0,0,0,0,0,0,0,0,0,0,0,0,0,0,0,0,0,0,0,0,0,0,0,0,0,0,0,0,0,0,0,0,0,0,0,0,0,0,0,0,0,0
2020-01-26,0,0,0,0,0,0,0,0,0,0,0,0,0,0,0,0,0,0,0,0,0,0,0,0,0,0,0,0,0,0,0,0,0,0,0,0,0,0,0,0,0,0,0,0,0,0,0,0,0,0,0,0
2020-01-27,0,0,0,0,0,0,0,0,0,0,0,0,0,0,0,0,0,0,0,0,0,0,0,0,0,0,0,0,0,0,0,0,0,0,0,0,0,0,0,0,0,0,0,0,0,0,0,0,0,0,0,0
2020-01-28,0,0,0,0,0,0,0,0,0,0,0,0,0,0,0,0,0,0,0,0,0,0,0,0,0,0,0,0,0,0,0,0,0,0,0,0,0,0,0,0,0,0,0,0,0,0,0,0,0,0,0,0
2020-01-29,0,0,0,0,0,0,0,0,0,0,0,0,0,0,0,0,0,0,0,0,0,0,0,0,0,0,0,0,0,0,0,0,0,0,0,0,0,0,0,0,0,0,0,0,0,0,0,0,0,0,0,0
2020-01-30,0,0,0,0,0,0,0,0,0,0,0,0,0,0,0,0,0,0,0,0,0,0,0,0,0,0,0,0,0,0,0,0,0,0,0,0,0,0,0,0,0,0,0,0,0,0,0,0,0,0,0,0
2020-01-31,0,0,0,0,0,0,0,0,0,0,0,0,0,0,0,0,0,0,0,0,0,0,0,0,0,0,0,0,0,0,0,0,0,0,0,0,0,0,0,0,0,0,0,0,0,0,0,0,0,0,0,0
2020-02-01,0,0,0,0,0,0,0,0,0,0,0,0,0,0,0,0,0,0,0,0,0,0,0,0,0,0,0,0,0,0,0,0,0,0,0,0,0,0,0,0,0,0,0,0,0,0,0,0,0,0,0,0
2020-02-02,0,0,0,0,0,0,0,0,0,0,0,0,0,0,0,0,0,0,0,0,0,0,0,0,0,0,0,0,0,0,0,0,0,0,0,0,0,0,0,0,0,0,0,0,0,0,0,0,0,0,0,0
2020-02-03,0,0,0,0,0,0,0,0,0,0,0,0,0,0,0,0,0,0,0,0,0,0,0,0,0,0,0,0,0,0,0,0,0,0,0,0,0,0,0,0,0,0,0,0,0,0,0,0,0,0,0,0
2020-02-04,0,0,0,0,0,0,0,0,0,0,0,0,0,0,0,0,0,0,0,0,0,0,0,0,0,0,0,0,0,0,0,0,0,0,0,0,0,0,0,0,0,0,0,0,0,0,0,0,0,0,0,0
2020-02-05,0,0,0,0,0,0,0,0,0,0,0,0,0,0,0,0,0,0,0,0,0,0,0,0,0,0,0,0,0,0,0,0,0,0,0,0,0,0,0,0,0,0,0,0,0,0,0,0,0,0,0,0
2020-02-06,0,0,0,0,0,0,0,0,0,0,0,0,0,0,0,0,0,0,0,0,0,0,0,0,0,0,0,0,0,0,0,0,0,0,0,0,0,0,0,0,0,0,0,0,0,0,0,0,0,0,0,0
2020-02-07,0,0,0,0,0,0,0,0,0,0,0,0,0,0,0,0,0,0,0,0,0,0,0,0,0,0,0,0,0,0,0,0,0,0,0,0,0,0,0,0,0,0,0,0,0,0,0,0,0,0,0,0
2020-02-08,0,0,0,0,0,0,0,0,0,0,0,0,0,0,0,0,0,0,0,0,0,0,0,0,0,0,0,0,0,0,0,0,0,0,0,0,0,0,0,0,0,0,0,0,0,0,0,0,0,0,0,0
2020-02-09,0,0,0,0,0,0,0,0,0,0,0,0,0,0,0,0,0,0,0,0,0,0,0,0,0,0,0,0,0,0,0,0,0,0,0,0,0,0,0,0,0,0,0,0,0,0,0,0,0,0,0,0
2020-02-10,0,0,0,0,0,0,0,0,0,0,0,0,0,0,0,0,0,0,0,0,0,0,0,0,0,0,0,0,0,0,0,0,0,0,0,0,0,0,0,0,0,0,0,0,0,0,0,0,0,0,0,0
2020-02-11,0,0,0,0,0,0,0,0,0,0,0,0,0,0,0,0,0,0,0,0,0,0,0,0,0,0,0,0,0,0,0,0,0,0,0,0,0,0,0,0,0,0,0,0,0,0,0,0,0,0,0,0
2020-02-12,0,0,0,0,0,0,0,0,0,0,0,0,0,0,0,0,0,0,0,0,0,0,0,0,0,0,0,0,0,0,0,0,0,0,0,0,0,0,0,0,0,0,0,0,0,0,0,0,0,0,0,0
2020-02-13,0,0,0,0,0,0,0,0,0,0,0,0,0,0,0,0,0,0,0,0,0,0,0,0,0,0,0,0,0,0,0,0,0,0,0,0,0,0,0,0,0,0,0,0,0,0,0,0,0,0,0,0
2020-02-14,0,0,0,0,0,0,0,0,0,0,0,0,0,0,0,0,0,0,0,0,0,0,0,0,0,0,0,0,0,0,0,0,0,0,0,0,0,0,0,0,0,0,0,0,0,0,0,0,0,0,0,0
2020-02-15,0,0,0,0,0,0,0,0,0,0,0,0,0,0,0,0,0,0,0,0,0,0,0,0,0,0,0,0,0,0,0,0,0,0,0,0,0,0,0,0,0,0,0,0,0,0,0,0,0,0,0,0
2020-02-16,0,0,0,0,0,0,0,0,0,0,0,0,0,0,0,0,0,0,0,0,0,0,0,0,0,0,0,0,0,0,0,0,0,0,0,0,0,0,0,0,0,0,0,0,0,0,0,0,0,0,0,0
2020-02-17,0,0,0,0,0,0,0,0,0,0,0,0,0,0,0,0,0,0,0,0,0,0,0,0,0,0,0,0,0,0,0,0,0,0,0,0,0,0,0,0,0,0,0,0,0,0,0,0,0,0,0,0
2020-02-18,0,0,0,0,0,0,0,0,0,0,0,0,0,0,0,0,0,0,0,0,0,0,0,0,0,0,0,0,0,0,0,0,0,0,0,0,0,0,0,0,0,0,0,0,0,0,0,0,0,0,0,0
2020-02-19,0,0,0,0,0,0,0,0,0,0,0,0,0,0,0,0,0,0,0,0,0,0,0,0,0,0,0,0,0,0,0,0,0,0,0,0,0,0,0,0,0,0,0,0,0,0,0,0,0,0,0,0
2020-02-20,0,0,0,0,0,0,0,0,0,0,0,0,0,0,0,0,0,0,0,0,0,0,0,0,0,0,0,0,0,0,0,0,0,0,0,0,0,0,0,0,0,0,0,0,0,0,0,0,0,0,0,0
2020-02-21,0,0,0,0,0,0,0,0,0,0,0,0,0,0,0,0,0,0,0,0,0,0,0,0,0,0,0,0,0,0,0,0,0,0,0,0,0,0,0,0,0,0,0,0,0,0,0,0,0,0,0,0
2020-02-22,0,0,0,0,0,0,0,0,0,0,0,0,0,0,0,0,0,0,0,0,0,0,0,0,0,0,0,0,0,0,0,0,0,0,0,0,0,0,0,0,0,0,0,0,0,0,0,0,0,0,0,0
2020-02-23,0,0,0,0,0,0,0,0,0,0,0,0,0,0,0,0,0,0,0,0,0,0,0,0,0,0,0,0,0,0,0,0,0,0,0,0,0,0,0,0,0,0,0,0,0,0,0,0,0,0,0,0
2020-02-24,0,0,0,0,0,0,0,0,0,0,0,0,0,0,0,0,0,0,0,0,0,0,0,0,0,0,0,0,0,0,0,0,0,0,0,0,0,0,0,0,0,0,0,0,0,0,0,0,0,0,0,0
2020-02-25,0,0,0,0,0,0,0,0,0,0,0,0,0,0,0,0,0,0,0,0,0,0,0,0,0,0,0,0,0,0,0,0,0,0,0,0,0,0,0,0,0,0,0,0,0,0,0,0,0,0,0,0
2020-02-26,0,0,0,0,0,0,0,0,0,0,0,0,0,0,0,0,0,0,0,0,0,0,0,0,0,0,0,0,0,0,0,0,0,0,0,0,0,0,0,0,0,0,0,0,0,0,0,0,0,0,0,0
2020-02-27,0,0,0,0,0,0,0,0,0,0,0,0,0,0,0,0,0,0,0,0,0,0,0,0,0,0,0,0,0,0,0,0,0,0,0,0,0,0,0,0,0,0,0,0,0,0,0,0,0,0,0,0
2020-02-28,0,0,0,0,0,0,0,0,0,0,0,0,0,0,0,0,0,0,0,0,0,0,0,0,0,0,0,0,0,0,0,0,0,0,0,0,0,0,0,0,0,0,0,0,0,0,0,0,0,0,0,0
2020-02-29,0,0,0,0,1,0,0,0,0,0,0,0,0,0,0,0,0,0,0,0,0,0,0,0,0,0,0,0,0,0,0,0,0,0,0,1,0,0,0,0,0,0,0,0,0,0,0,0,0,0,0,0
2020-03-01,0,0,0,0,1,0,0,0,0,0,0,0,0,0,0,0,0,0,0,0,0,0,0,0,0,0,0,0,0,0,0,0,0,0,0,1,0,0,0,0,0,0,0,0,0,0,0,0,0,0,0,0
2020-03-02,0,0,0,0,6,0,0,0,0,0,0,0,0,0,0,0,0,0,0,0,0,0,0,0,0,0,0,0,0,0,0,0,0,0,0,6,0,0,0,0,0,0,0,0,0,0,0,0,0,0,0,0
2020-03-03,0,0,0,0,7,0,0,0,0,0,0,0,0,0,0,0,0,0,0,0,0,0,0,0,0,0,0,0,0,0,0,0,0,0,0,7,0,0,0,0,0,0,0,0,0,0,0,0,0,0,0,0
2020-03-04,0,0,0,0,10,0,0,0,0,0,0,0,0,0,0,0,0,0,0,0,0,0,0,0,0,0,0,0,0,0,0,0,0,0,0,11,0,0,0,0,0,0,0,0,0,0,0,0,1,0,0,0
2020-03-05,0,0,0,0,11,0,0,0,0,0,0,0,0,0,0,0,0,0,0,0,0,0,0,0,0,0,0,0,0,0,0,0,0,0,0,12,0,0,0,0,0,0,0,0,0,0,0,0,1,0,0,0
2020-03-06,0,0,0,0,13,0,0,0,0,0,0,0,0,0,0,0,0,0,0,0,0,0,0,0,0,0,0,0,0,0,0,0,0,0,0,14,0,0,0,0,0,0,0,0,0,0,0,0,1,0,0,0
2020-03-07,0,0,0,0,16,0,0,0,0,0,0,0,0,0,0,0,0,0,0,0,0,0,0,0,0,0,0,0,0,0,0,0,0,0,0,17,0,0,0,0,0,0,0,0,0,0,0,0,1,0,0,0
2020-03-08,0,0,0,0,18,0,0,0,0,0,0,0,0,0,0,0,0,0,0,0,0,0,0,0,0,0,0,0,0,0,0,0,0,0,0,21,0,0,0,0,0,0,0,2,0,0,0,0,1,0,0,0
2020-03-09,0,0,0,0,19,0,0,0,0,0,0,0,0,0,0,0,0,0,0,0,0,0,0,0,0,0,0,0,0,0,0,0,0,0,0,22,0,0,0,0,0,0,0,2,0,0,0,0,1,0,0,0
2020-03-10,0,0,0,0,23,0,0,0,0,0,0,0,0,0,0,0,0,0,0,0,0,0,1,0,0,0,0,0,0,0,0,0,0,0,0,28,0,0,0,0,0,0,0,2,0,0,0,0,2,0,0,0
2020-03-11,0,0,0,0,24,0,0,0,0,0,1,0,0,0,0,0,0,0,0,0,1,0,1,0,0,0,0,0,0,0,0,0,0,0,0,33,0,0,0,0,0,0,0,2,0,0,0,0,4,0,0,0
2020-03-12,0,0,0,0,31,0,0,0,0,0,1,0,0,0,0,0,0,0,0,0,1,0,1,0,0,0,0,0,0,0,0,0,0,0,0,42,0,0,0,0,0,0,1,2,0,0,0,1,4,0,0,0
2020-03-13,0,0,0,0,37,0,0,0,0,0,1,0,0,0,0,0,0,0,0,0,1,0,1,0,0,0,0,0,0,0,0,0,0,0,0,49,0,1,0,0,0,0,1,2,0,0,0,2,4,0,0,0
2020-03-14,0,0,0,0,39,1,0,0,0,0,1,0,0,0,0,0,0,0,0,0,5,0,1,0,0,0,0,0,0,0,0,0,0,0,0,55,0,1,0,0,0,0,1,2,0,0,0,2,3,0,0,0
2020-03-15,0,0,0,0,40,1,0,0,0,0,1,0,0,0,0,1,0,0,0,0,10,0,2,0,0,0,0,0,0,0,0,0,0,0,0,66,0,1,0,0,0,0,1,3,0,0,0,2,5,0,0,0
2020-03-16,0,0,0,0,48,2,0,0,0,0,1,1,0,0,0,1,0,0,0,0,21,0,2,0,1,0,0,0,0,0,0,0,0,0,0,92,1,1,1,0,0,0,1,3,0,0,0,2,7,0,0,0
2020-03-17,0,0,0,0,55,2,0,0,1,0,1,1,0,0,0,1,0,0,0,0,35,0,4,0,1,0,0,0,0,0,0,0,0,0,0,126,1,1,2,1,0,0,1,5,0,0,0,3,12,0,0,0
2020-03-18,0,0,0,0,67,2,0,0,4,0,1,1,0,0,1,3,0,0,0,0,60,0,7,0,1,0,0,1,0,0,0,0,0,0,0,182,1,1,2,1,0,0,3,7,0,0,1,3,16,0,0,0
2020-03-19,0,0,4,0,73,2,2,0,5,0,1,1,0,0,1,3,1,0,0,0,88,0,13,0,1,0,0,1,1,0,0,0,1,0,0,251,2,1,2,4,0,0,10,9,0,0,3,5,18,0,0,0
2020-03-20,0,0,3,0,83,2,2,0,5,1,1,3,0,0,1,3,1,3,0,0,143,0,16,0,2,0,0,3,1,0,0,1,2,0,0,345,2,1,3,5,0,0,14,11,1,0,4,5,24,0,0,0
2020-03-21,0,0,4,0,94,3,2,0,6,1,1,3,0,1,2,4,1,3,0,0,195,0,22,0,2,0,0,3,1,1,1,1,2,0,0,434,3,2,4,6,0,0,20,13,0,0,4,6,25,0,1,0
2020-03-22,0,0,4,0,97,6,2,1,8,2,1,3,0,1,4,5,2,3,0,0,249,0,29,0,2,0,0,3,1,1,1,5,3,0,0,537,3,2,6,9,0,0,25,13,2,0,8,7,30,0,2,0
2020-03-23,0,0,5,0,109,6,5,1,10,2,1,5,0,2,6,5,2,6,0,0,351,0,40,1,4,0,0,4,1,1,1,9,3,0,0,705,4,2,7,12,0,0,25,18,2,0,10,7,39,0,2,0
2020-03-24,0,0,5,0,116,9,7,1,15,2,1,5,0,2,8,8,3,8,0,0,475,0,60,1,4,0,0,8,1,1,1,11,4,0,0,920,4,2,12,16,0,1,32,18,2,0,12,11,50,2,5,0
2020-03-25,1,0,7,0,133,9,8,1,19,3,1,7,0,2,15,10,5,11,0,2,632,1,81,1,6,0,0,9,3,1,1,15,4,0,1,1204,5,3,14,19,0,0,40,23,2,0,19,20,65,2,6,1
2020-03-26,1,0,10,0,150,10,9,1,25,3,1,9,0,2,18,11,7,15,0,3,867,1,109,1,10,0,0,9,6,2,2,25,4,0,1,1574,5,3,17,26,3,0,48,29,3,1,21,19,81,2,8,1
2020-03-27,4,0,14,0,157,10,10,1,34,6,1,13,0,3,22,12,8,19,1,4,1139,1,141,1,10,0,1,9,8,4,4,35,5,1,3,2019,7,4,25,34,3,0,64,35,3,2,27,31,94,3,13,1
2020-03-28,4,0,17,0,188,13,12,1,39,7,1,15,2,3,34,13,15,25,1,5,1492,1,192,2,10,2,1,13,13,5,5,44,5,1,3,2611,9,4,31,47,4,0,69,54,4,5,33,44,110,5,15,2
2020-03-29,10,0,18,0,198,20,12,2,47,8,1,16,3,3,41,13,16,29,1,7,1874,2,219,2,15,2,1,16,14,9,9,48,10,3,4,3153,9,7,32,66,5,0,80,56,5,6,34,47,124,6,17,2
2020-03-30,10,0,20,1,205,15,12,4,57,14,1,18,4,6,50,16,16,40,2,7,2286,2,268,3,15,2,5,16,16,10,10,56,15,3,6,3754,11,8,35,73,6,0,87,63,9,6,36,51,146,7,20,3
2020-03-31,23,0,25,1,225,27,13,5,68,23,1,22,8,8,63,18,23,55,3,12,2775,4,366,3,26,3,5,19,20,12,12,89,18,5,7,4704,11,9,49,99,8,0,111,85,9,10,69,69,173,8,25,3
2020-04-01,27,0,27,1,234,34,16,5,85,24,2,26,10,11,74,19,30,65,3,14,3411,5,476,3,31,4,6,24,22,17,17,122,31,5,9,5762,18,10,65,141,9,1,139,87,9,11,85,79,199,10,32,3
2020-04-02,32,0,38,2,271,41,17,7,100,36,2,31,12,12,90,21,34,81,3,21,4138,6,681,3,38,5,6,32,26,18,18,154,36,7,11,7143,31,12,78,163,9,1,163,164,12,12,112,97,238,12,35,3
2020-04-03,38,0,51,2,291,46,17,7,118,41,2,34,14,15,102,22,38,91,3,27,4899,10,817,5,43,6,5,45,29,22,22,192,43,9,11,8403,34,18,102,210,9,3,184,170,15,14,131,111,265,12,44,3
2020-04-04,44,0,54,2,315,52,20,8,135,50,2,40,17,18,136,22,42,102,3,34,5686,11,1059,7,46,6,6,51,35,24,24,216,54,10,14,9817,40,21,116,244,10,3,201,195,21,14,165,126,289,14,52,5
2020-04-05,45,0,74,3,336,52,22,8,163,53,2,44,25,20,151,27,46,119,3,38,6596,12,1185,9,46,8,6,64,43,29,29,231,67,10,18,11248,45,22,127,274,10,4,211,221,22,14,189,140,348,16,64,6
2020-04-06,49,0,78,4,381,66,23,13,182,65,4,48,27,21,179,27,51,142,3,45,7657,12,1337,9,46,9,6,72,51,30,30,260,91,10,25,12862,45,25,143,307,10,5,229,236,24,15,206,150,380,16,65,6
2020-04-07,64,0,92,4,400,66,23,13,195,72,6,51,30,23,247,29,67,167,4,53,8930,13,1633,9,72,10,6,92,60,34,34,356,103,12,25,15235,65,29,173,380,13,5,329,283,22,16,277,179,432,18,73,6
2020-04-08,66,0,100,4,426,66,23,13,221,80,6,51,35,24,318,33,79,193,4,66,9879,13,1974,13,72,12,6,107,67,39,39,433,124,14,27,17186,65,34,203,462,15,5,362,309,27,19,326,193,495,18,89,7
2020-04-09,70,0,111,5,456,109,23,13,247,94,6,67,43,33,345,44,80,213,5,76,10929,16,2250,21,81,14,6,123,76,50,50,503,138,16,29,19229,73,42,245,528,18,6,379,354,32,23,380,226,544,21,98,7
2020-04-10,80,0,128,5,483,121,24,17,272,98,6,72,43,39,418,44,88,231,6,83,11850,17,2529,21,90,15,6,133,82,57,57,599,171,17,31,21187,90,42,300,597,24,6,416,390,38,32,448,250,583,21,106,7
2020-04-11,92,0,137,5,495,130,25,18,304,106,6,80,56,42,503,48,94,247,7,89,12772,19,2854,22,102,17,6,145,93,64,64,686,206,19,34,23125,90,55,330,677,25,8,429,438,47,33,494,274,604,25,117,8
2020-04-12,93,0,144,6,506,141,27,18,325,106,6,82,63,44,557,52,96,253,7,89,13710,26,3096,23,112,17,6,157,96,70,70,756,236,19,41,24801,97,56,343,720,27,9,433,461,50,35,554,289,640,27,125,8
2020-04-13,99,1,154,8,513,149,28,13,351,109,6,82,63,45,589,53,99,274,8,94,14728,26,3263,23,114,17,7,167,98,70,70,844,262,19,41,26565,113,62,350,798,27,9,465,499,52,41,602,306,714,29,132,8
2020-04-14,114,1,170,9,530,154,29,18,388,124,6,97,80,45,691,55,108,324,8,112,15608,31,3678,25,126,20,7,185,111,79,79,844,302,20,49,28709,106,69,387,868,33,9,525,571,67,43,671,327,767,32,143,9
2020-04-15,118,1,183,10,552,195,29,20,422,124,6,106,80,51,779,58,123,362,9,130,16394,36,4088,32,131,20,7,202,122,87,87,1108,311,24,53,31069,115,71,436,949,39,9,552,596,72,46,868,354,860,33,155,9
2020-04-16,133,2,197,12,579,208,33,20,463,136,7,111,87,56,841,64,131,407,9,150,17137,36,4510,32,137,21,7,216,129,87,87,1108,319,27,60,33103,129,80,477,1072,41,9,587,668,81,55,971,372,956,37,164,9
2020-04-17,148,2,206,16,603,231,35,23,503,141,7,116,118,58,921,70,136,418,9,177,17614,44,4881,37,142,24,8,229,140,111,111,1245,334,29,64,34898,137,82,522,1132,41,9,650,725,86,61,1036,389,1037,37,183,9
2020-04-18,153,2,212,16,613,258,38,25,529,142,7,119,137,60,1042,72,136,451,9,187,18175,53,5169,38,151,24,10,236,152,121,121,1404,421,32,74,36716,144,85,545,1259,43,9,673,748,91,67,1086,411,1140,38,180,9
2020-04-19,157,2,220,18,636,277,38,27,546,148,7,120,150,62,1276,74,140,471,9,200,18699,55,5505,38,158,28,10,242,159,134,134,1706,461,34,75,38519,146,93,562,1290,44,10,687,774,96,67,1127,420,1177,39,184,9
2020-04-20,163,2,230,24,643,300,38,28,563,152,7,123,155,63,1348,75,143,509,9,218,19670,58,5678,42,159,33,10,263,169,143,143,1706,582,35,79,40578,154,102,577,1349,45,10,775,822,105,72,1331,447,1225,41,191,9
2020-04-21,183,2,244,26,664,324,40,32,601,157,8,124,171,64,1614,78,164,557,13,245,20341,58,5974,42,163,33,12,281,183,160,160,1961,652,36,83,42933,171,109,635,1468,48,10,798,867,112,82,1423,483,1282,42,208,9
2020-04-22,196,6,248,27,686,349,40,32,626,157,9,140,181,63,1673,78,170,610,14,265,20859,71,6407,48,172,38,14,301,193,179,179,2182,698,39,90,45055,185,112,666,1565,51,12,848,893,127,89,1544,506,1421,42,231,9
2020-04-23,202,7,258,31,711,373,43,35,676,171,9,150,189,69,1724,83,179,656,15,281,21516,78,6713,51,195,47,14,317,201,200,200,2360,748,44,96,47224,191,113,706,1688,54,12,881,987,139,92,1639,552,1533,45,249,9
2020-04-24,209,7,263,32,722,411,44,39,699,169,10,157,202,77,1747,86,188,690,15,294,22069,84,7003,53,197,50,14,343,209,221,221,2556,798,47,107,49202,200,118,741,1795,54,13,899,1046,153,100,1767,674,1621,47,266,9
2020-04-25,209,7,266,32,737,437,46,41,720,177,10,166,215,83,1793,87,194,711,16,305,22505,93,7274,53,205,50,14,357,221,244,244,2730,875,47,112,50779,205,120,786,1875,56,13,907,1055,165,112,1865,684,1689,48,273,9
2020-04-26,219,7,272,34,749,449,46,41,738,181,11,174,226,84,1816,92,195,728,17,324,22910,99,7330,60,206,56,14,374,227,272,272,2899,910,50,118,51919,208,121,813,1933,56,14,916,1075,178,120,1924,688,1725,51,275,9
2020-04-27,228,7,281,34,764,460,47,41,760,184,11,177,233,84,1886,92,197,753,19,340,23391,99,7473,60,206,56,14,395,229,286,286,3003,945,51,127,53276,213,126,844,1983,56,16,995,1088,185,125,2012,706,1779,51,275,9
2020-04-28,242,7,300,38,786,492,47,41,800,188,11,192,239,86,2046,99,207,799,19,363,23726,105,7904,60,219,56,15,409,239,301,301,3153,1016,51,136,55287,225,127,901,2125,60,16,1036,1171,190,137,2087,736,1864,57,275,9
2020-04-29,256,7,308,38,801,522,47,45,834,195,13,231,251,86,2373,101,214,937,19,382,24172,112,8254,60,230,56,16,424,250,319,319,3405,1078,52,148,57654,234,134,964,2215,60,16,1101,1218,205,144,2169,766,1946,57,308,9
2020-04-30,272,7,316,41,814,552,49,46,889,199,17,244,266,92,2475,103,222,976,19,406,24542,123,8737,72,243,70,16,443,261,343,343,3562,1140,53,162,59794,240,134,1114,2355,60,16,1132,1268,224,152,2257,777,2031,61,320,9
2020-05-01,289,7,327,46,824,581,50,46,914,204,21,256,279,94,2635,104,230,1003,23,419,24911,131,9072,81,246,73,16,457,281,370,370,3716,1080,55,170,61536,246,140,1175,2457,63,16,1169,1314,231,159,2339,821,2126,64,330,9
2020-05-02,288,7,334,48,830,617,51,49,933,209,21,267,296,95,2695,109,238,1022,24,431,25201,138,9302,84,255,73,16,472,291,394,394,3846,1251,56,175,63048,248,142,1229,2559,64,16,1177,1364,240,168,2436,832,2180,72,330,9
2020-05-03,290,7,339,48,834,660,53,50,948,210,21,275,320,97,2720,109,238,1039,25,434,25484,151,9456,86,258,78,16,484,303,418,418,4004,1281,57,184,64113,253,144,1246,2618,64,17,1184,1379,251,177,2436,842,2216,76,362,9
2020-05-04,298,7,340,48,841,684,52,50,972,219,21,283,341,97,2838,109,238,1057,25,442,25837,156,9519,86,265,78,16,495,310,427,427,4090,1317,57,188,65295,261,156,1264,2659,64,17,1246,1399,258,182,2556,851,2278,80,362,9
2020-05-05,315,7,353,48,862,713,52,56,995,226,24,296,355,99,3179,113,247,1135,25,472,26119,162,9863,92,270,78,16,524,342,455,455,4212,1390,61,207,67511,275,161,1326,2834,65,17,1299,1471,264,187,2633,903,2381,83,395,9
2020-05-06,343,7,362,50,870,737,52,58,1025,239,29,305,370,99,3345,115,253,1225,31,492,26689,169,10187,92,289,78,16,539,374,485,485,4420,1437,62,219,69746,283,164,1377,2974,66,17,1327,1539,277,193,2718,919,2464,87,426,10
2020-05-07,369,7,374,51,891,769,53,61,1058,238,31,316,388,102,3589,121,260,1271,31,513,26916,172,10460,114,297,91,16,562,396,508,508,4552,1503,62,231,71547,294,165,1414,3111,67,17,1355,1600,285,202,2797,944,2535,87,450,10
2020-05-08,383,7,384,52,905,812,53,61,1096,242,31,320,399,107,3715,124,266,1306,33,530,27233,181,10635,121,294,90,16,583,409,534,534,4702,1560,63,243,73214,298,168,1447,3241,67,17,1400,1669,304,213,2874,960,2613,88,517,10
2020-05-09,390,7,398,52,921,827,53,66,1132,242,34,330,418,108,3779,127,270,1331,35,551,27454,191,10805,131,313,90,16,594,421,558,558,4840,1614,64,252,74513,304,174,1490,3349,67,17,1403,1715,311,221,2932,967,2687,88,532,10
2020-05-10,393,7,400,54,931,839,53,67,1158,243,34,331,422,111,3806,127,272,1341,35,564,27627,200,10962,133,310,90,16,605,430,578,578,4979,1644,64,265,75361,304,174,1508,3406,67,17,1406,1721,323,221,2967,971,2716,91,536,10
2020-05-11,403,7,409,54,945,850,53,68,1176,251,34,346,430,113,3832,130,274,1357,36,575,27824,208,11053,133,312,98,16,622,435,591,591,5108,1683,65,271,76318,311,180,1540,3459,70,17,1444,1735,328,225,3008,987,2779,94,542,10
2020-05-12,435,7,418,58,962,892,53,73,1207,266,39,355,444,114,3914,130,278,1436,38,600,28042,219,11256,142,321,100,16,632,457,614,614,5141,1756,65,289,77810,321,184,1578,3601,69,17,1498,1779,336,237,3041,1010,2879,95,562,10
2020-05-13,450,7,421,58,974,928,53,75,1233,273,39,362,462,115,4094,134,278,1483,40,625,28247,231,11448,150,331,103,16,653,465,638,638,5315,1809,66,306,79495,321,188,1619,3792,69,17,1517,1827,350,247,3125,1062,2957,97,595,10
2020-05-14,473,7,434,60,983,956,53,75,1296,287,43,371,468,117,4288,137,284,1534,40,641,28408,242,11689,151,333,103,16,665,480,672,672,5482,1866,69,318,81167,328,189,1646,3928,72,17,1545,1875,358,260,3219,1086,3052,98,624,10
2020-05-15,483,7,445,64,991,978,53,77,1349,290,44,380,479,122,4422,137,285,1581,42,667,28673,253,11895,159,343,113,16,680,493,692,692,5592,1911,69,336,82774,332,193,1691,4059,72,17,1588,1917,368,271,3285,1150,3136,98,651,10
2020-05-16,485,7,453,64,999,1003,53,78,1383,295,44,380,489,122,4480,137,288,1610,42,676,28845,259,12013,171,347,123,16,691,510,709,709,5705,1957,70,346,83901,334,195,1741,4129,73,17,1598,1964,375,286,3339,1192,3208,98,679,10
2020-05-17,488,8,453,67,1001,1010,54,80,1411,298,44,385,499,123,4495,137,288,1625,43,686,28971,265,12118,172,350,123,16,698,521,731,731,5797,1992,70,351,84637,334,195,1751,4177,73,17,1610,1973,383,290,3408,1215,3240,98,680,10
2020-05-18,489,10,459,68,1002,1015,54,80,1418,301,44,391,506,124,4515,138,288,1657,44,693,29454,270,12200,172,358,123,16,714,527,740,740,5862,2023,71,355,85710,346,198,1765,4234,74,17,1649,1997,392,297,3450,1224,3279,100,687,10
2020-05-19,504,10,467,68,1031,1042,54,88,1459,305,46,399,532,124,4628,140,293,1720,45,693,29652,276,12349,172,358,123,16,729,554,757,757,5938,2081,73,367,87141,366,199,1824,4379,74,17,1675,2052,400,304,3472,1257,3403,102,705,10
2020-05-20,522,11,481,69,1037,1075,54,90,1504,305,46,407,538,125,4770,144,299,1781,49,726,29717,283,12520,190,377,138,16,740,570,786,786,6066,2123,73,393,88591,376,202,1864,4525,77,17,1697,2096,407,310,3529,1299,3497,107,747,10
2020-05-21,529,12,487,70,1044,1100,54,92,1532,313,48,416,556,126,4869,145,304,1837,51,734,29790,294,12623,199,383,138,16,749,580,818,818,6148,2159,73,410,89715,386,204,1913,4607,77,17,1775,2144,412,317,3583,1310,3583,110,764,10
2020-05-22,541,12,496,72,1050,1136,54,93,1545,315,50,419,579,126,5010,147,307,1872,52,775,29864,302,12769,204,386,147,16,758,595,851,851,6228,2207,75,424,90890,391,205,1941,4715,79,17,1808,2190,418,322,3637,1324,3665,113,775,10
2020-05-23,549,12,507,72,1050,1159,54,97,1553,329,50,425,597,127,5112,147,311,1956,52,778,30032,308,12869,208,387,147,16,765,616,861,861,6304,2243,77,446,91934,391,205,1964,4790,79,17,1822,2233,427,322,3675,1327,3737,115,801,10
2020-05-24,551,12,510,72,1061,1171,54,97,1613,336,50,435,608,127,5136,148,311,1969,53,784,30125,317,12927,209,380,147,16,768,625,878,878,6372,2277,78,456,92527,391,205,1976,4856,79,17,1827,2237,432,326,3693,1332,3753,116,801,10
2020-05-25,566,12,514,72,1070,1208,54,98,1623,338,50,440,608,129,5146,148,313,1987,54,790,30249,320,12941,210,394,147,16,773,635,890,890,6416,2302,78,456,93060,391,207,1984,4885,79,17,1848,2252,440,332,3742,1333,3768,117,807,10
2020-05-26,580,13,517,72,1078,1236,54,101,1640,343,50,446,634,129,5163,148,318,2002,54,801,30276,325,12994,214,394,147,17,780,652,908,908,6473,2333,79,477,93681,394,210,2004,4923,79,17,1896,2259,440,335,3769,1352,3818,119,810,10
2020-05-27,583,14,539,74,1095,1281,54,105,1680,353,54,466,655,129,5265,148,322,2044,56,844,30462,329,13143,223,402,153,17,776,670,942,942,6547,2392,81,496,95107,400,213,2030,5083,81,17,1933,2319,445,344,3803,1392,3894,120,834,10
2020-05-28,591,15,550,74,1106,1338,55,106,1715,356,54,470,677,131,5373,151,325,2098,57,876,30482,335,13218,232,406,163,17,789,693,977,977,6640,2428,84,506,96228,409,214,2068,5186,82,17,1973,2364,453,345,3826,1421,3993,125,860,10
2020-05-29,610,15,568,74,1111,1358,55,107,1723,361,59,483,693,132,5464,151,329,2131,59,919,30578,344,13345,238,406,164,17,794,710,1006,1006,6718,2466,85,524,97327,418,215,2110,5270,82,17,1987,2413,460,356,3868,1436,4077,132,886,10
2020-05-30,618,16,588,75,1118,1370,55,112,1769,364,62,487,711,133,5537,153,334,2149,60,929,30649,351,13450,238,417,170,17,812,723,1036,1036,6768,2509,89,531,98213,431,215,2125,5330,82,17,2004,2447,462,361,3912,1443,4144,133,904,10
2020-05-31,630,16,592,75,1118,1375,55,113,1788,364,62,494,718,136,5555,153,334,2155,61,937,30699,356,13518,245,417,170,17,814,734,1050,1050,6846,2532,89,535,98762,431,215,2134,5390,82,17,2053,2451,466,366,3944,1445,4172,133,907,10
2020-06-01,646,17,595,76,1123,1392,55,113,1797,364,62,500,720,136,5567,154,334,2207,61,948,30832,362,13547,245,417,170,17,815,739,1060,1060,7035,2552,89,555,99499,439,217,2143,5412,82,17,2094,2460,468,368,3970,1458,4217,133,918,10
2020-06-02,653,17,607,78,1129,1407,55,113,1836,381,62,501,732,138,5667,157,339,2259,65,961,30910,367,13599,256,417,170,17,825,767,1082,1082,7085,2597,94,561,100491,442,222,2197,5525,83,17,2102,2530,470,373,3972,1474,4305,136,943,10
2020-06-03,653,17,616,78,1135,1428,55,117,1866,388,62,518,742,140,5742,159,341,2300,66,999,30964,375,13710,265,431,170,17,831,782,1097,1097,7152,2641,95,574,101441,450,226,2207,5621,83,17,2123,2566,473,375,3989,1494,4374,142,983,10
2020-06-04,653,17,626,79,1138,1445,55,117,1900,401,64,525,756,140,5832,159,344,2340,66,1006,31093,383,13805,273,430,187,17,833,794,1126,1126,7201,2668,95,583,102424,458,227,2231,5736,83,17,2149,2607,475,386,4007,1512,4444,151,999,10
2020-06-05,676,17,633,84,1149,1454,55,120,1936,408,64,539,772,141,5898,161,345,2357,71,1015,31120,387,13887,278,436,187,18,840,803,1159,1159,7235,2702,98,593,103234,466,232,2258,5795,83,17,2174,2660,479,388,4038,1524,4529,152,1015,10
2020-06-06,689,17,645,84,1153,1461,55,121,1957,417,65,545,772,142,5931,161,347,2372,72,1028,31141,392,13945,283,437,187,18,848,811,1181,1181,7289,2740,98,599,103872,470,233,2292,5864,83,17,2178,2688,483,390,4055,1527,4607,154,1043,10
2020-06-07,692,17,647,84,1157,1472,55,121,1966,418,65,546,772,142,5943,163,348,2379,72,1032,31226,396,14016,286,438,187,18,850,817,1197,1197,7316,2749,99,605,104288,470,233,2303,5904,83,17,2180,2700,489,398,4071,1527,4632,154,1051,10
2020-06-08,718,17,646,84,1161,1477,55,124,1980,421,65,557,799,142,5953,164,348,2406,72,1041,31287,400,14055,286,442,188,18,854,837,1208,1208,7353,2776,99,617,104781,472,236,2316,5924,83,17,2208,2712,491,398,4084,1543,4657,155,1053,10
2020-06-09,729,17,661,84,1176,1496,55,127,2000,435,68,568,808,142,6014,169,354,2423,72,1068,31327,404,14148,286,446,189,18,862,847,1228,1228,7408,2811,100,626,105708,477,237,2339,6018,85,17,2285,2765,495,410,4097,1553,4745,161,1076,11
2020-06-10,744,18,671,85,1176,1514,55,128,2037,437,69,575,812,143,6062,169,356,2459,73,1090,31390,410,14224,301,449,191,18,865,868,1267,1267,7454,2844,100,631,106594,484,240,2355,6095,85,17,2329,2801,499,413,4120,1572,4854,165,1101,11
2020-06-11,755,18,682,86,1194,1520,55,131,2068,441,73,588,823,144,6113,171,358,2492,74,1106,31404,420,14291,308,459,212,18,865,868,1280,1280,7492,2875,100,640,107410,493,243,2380,6185,85,17,2375,2848,502,414,4146,1582,4934,171,1135,11
2020-06-12,769,18,689,88,1204,1534,55,139,2100,466,74,593,833,146,6162,173,360,2510,74,1121,31554,420,14341,315,461,215,18,881,881,1305,1305,7538,2900,100,644,108224,497,243,2396,6260,87,17,2418,2877,506,414,4159,1582,4978,176,1156,12
2020-06-13,773,18,691,88,1213,1541,55,139,2125,472,75,599,833,146,6211,173,359,2556,74,1127,31568,431,14476,318,462,215,18,887,889,1314,1314,7576,2926,100,650,108950,499,245,2413,6289,87,17,2447,2925,511,419,4186,1597,5076,177,1189,12
2020-06-14,773,18,692,88,1217,1546,55,139,2147,474,75,600,833,147,6215,176,359,2559,74,1132,31595,435,14515,320,463,215,19,889,891,1329,1329,7624,2939,100,652,109245,499,245,2422,6308,87,17,2451,2931,515,422,4201,1598,5099,179,1191,12
2020-06-15,774,18,694,88,1220,1552,55,143,2163,482,75,602,851,147,6243,180,359,2575,74,1140,31628,440,14565,320,465,220,19,891,895,1335,1335,7647,2947,101,658,109632,505,246,2433,6326,87,17,2494,2938,515,423,4204,1605,5114,182,1203,12
2020-06-16,785,18,703,88,1231,1570,55,145,2213,493,77,607,865,147,6276,182,363,2599,74,1169,31678,447,14651,326,467,231,19,895,915,1344,1344,7665,2982,101,665,110430,505,246,2447,6398,88,17,2529,2993,520,424,4210,1617,5200,188,1228,12
2020-06-17,790,18,713,88,1226,1583,55,149,2254,498,78,617,876,147,6319,183,364,2611,74,1181,31696,452,14694,330,473,234,20,914,938,1357,1357,7734,2996,102,675,111151,518,247,2475,6485,88,17,2575,3018,523,426,4219,1631,5271,197,1249,12
2020-06-18,810,18,719,88,1245,1586,56,152,2299,508,78,621,885,147,6361,187,366,2633,75,1188,31728,456,14729,331,475,239,20,950,938,1376,1376,7770,3016,102,680,111840,520,251,2491,6537,89,17,2605,3061,527,431,4226,1638,5355,208,1283,12
2020-06-19,822,20,730,88,1255,1602,56,155,2328,515,81,639,894,147,6399,188,367,2667,76,1202,31747,464,14762,337,479,244,20,963,938,1393,1393,7800,3030,102,681,112480,522,253,2516,6580,89,17,2636,3104,530,433,4238,1643,5426,214,1321,12
2020-06-20,838,20,744,88,1265,1607,56,155,2355,524,81,644,894,147,6419,189,368,2697,76,1215,31817,466,14785,339,486,244,20,973,938,1404,1404,7828,3052,102,681,113041,524,256,2536,6625,89,17,2642,3144,531,434,4251,1647,5494,224,1346,12
2020-06-21,839,20,744,89,1270,1611,56,158,2368,526,81,653,894,149,6423,190,369,2700,77,1245,31854,469,14802,339,487,244,20,975,938,1412,1412,7858,3066,102,686,113321,526,257,2540,6647,89,17,2643,3161,533,435,4260,1647,5515,225,1349,12
2020-06-22,841,20,745,89,1276,1620,56,158,2384,531,81,659,903,149,6426,192,369,2704,77,1278,31890,469,14840,339,489,249,21,980,978,1416,1416,7874,3074,102,686,113690,526,258,2553,6671,89,17,2648,3173,535,435,4263,1651,5566,227,1351,12
2020-06-23,864,20,750,92,1284,1645,56,163,2421,542,83,673,906,149,6464,192,371,2735,78,1296,31952,476,14893,343,492,256,21,988,989,1425,1425,7890,3092,102,689,114506,537,260,2569,6707,89,17,2695,3238,537,504,4277,1665,5626,237,1396,12
2020-06-24,891,20,757,92,1293,1661,56,163,2462,556,84,683,912,149,6518,195,372,2755,78,1325,31974,480,14944,347,494,257,21,998,1011,1432,1432,7938,3108,103,690,115242,538,260,2578,6770,89,17,2698,3281,541,505,4287,1667,5725,240,1467,12
2020-06-25,896,20,766,92,1300,1675,56,164,2514,567,87,693,920,151,6557,197,375,2772,78,1336,32007,485,14872,357,495,260,21,1000,1016,1441,1441,7963,3129,103,696,115760,546,262,2586,6810,90,17,2745,3327,543,507,4298,1669,5806,240,1495,12
2020-06-26,907,20,766,92,1304,1700,56,166,2558,577,88,694,927,151,6579,202,377,2788,78,1348,32030,489,14914,365,498,266,22,1009,1022,1446,1446,8013,3142,103,704,116347,553,265,2595,6847,90,17,2770,3366,546,507,4307,1673,5868,249,1536,14
2020-06-27,919,20,777,93,1310,1724,56,167,2603,584,91,711,927,152,6603,202,384,2804,78,1353,32051,491,14948,367,500,267,22,1014,1035,1452,1452,8041,3157,104,704,116829,554,268,2616,6873,91,18,2776,3390,548,507,4311,1674,5899,259,1580,14
2020-06-28,919,20,777,93,1310,1732,56,167,2628,584,91,716,927,153,6606,202,385,2807,79,1352,32078,492,14975,367,500,267,22,1014,1039,1460,1460,8060,3168,104,706,117088,558,269,2619,6888,91,18,2778,3419,550,507,4316,1676,5932,264,1594,14
2020-06-29,929,20,777,93,1320,1740,56,168,2655,592,91,720,946,153,6614,204,385,2818,79,1357,32109,493,14992,367,504,269,22,1016,1059,1470,1470,8095,3175,105,711,117457,560,273,2624,6902,91,18,2784,3447,551,507,4320,1681,5983,265,1598,14
2020-06-30,950,20,784,93,1332,1763,56,172,2708,604,91,739,950,153,6649,207,387,2863,79,1380,32070,497,15035,371,507,274,22,1019,1073,1476,1476,8054,3190,105,716,118028,565,273,2640,6923,92,18,2805,3505,551,509,4322,1690,6082,270,1645,14
2020-07-01,972,20,786,93,1339,1786,56,173,2770,609,93,766,956,153,6684,208,389,2876,80,1398,32088,500,15078,373,511,276,22,1033,1082,1482,1482,8081,3205,105,717,118696,572,277,2650,6951,92,18,2827,3550,553,509,4324,1697,6169,277,1725,14
2020-07-02,985,20,793,93,1342,1816,56,176,2835,620,97,784,959,153,6712,209,395,2903,80,1409,32112,503,15107,375,525,282,22,1044,1092,1495,1495,8132,3212,105,719,119389,581,280,2662,6987,92,18,2849,3617,554,510,4326,1701,6265,279,1764,14
2020-07-03,1006,20,796,93,1352,1845,56,181,2907,633,97,793,960,154,6746,209,398,2903,80,1419,32192,511,15164,376,528,284,23,1047,1103,1503,1503,8149,3223,105,721,120021,585,282,2681,7005,93,19,2857,3684,555,512,4335,1701,6315,281,1798,15
2020-07-04,1007,20,796,94,1354,1849,56,181,2951,637,97,813,960,155,6749,213,398,2907,80,1422,32206,513,15189,379,530,284,23,1050,1107,1503,1503,8172,3236,107,721,120282,585,283,2687,7014,93,19,2857,3702,557,512,4335,1701,6334,286,1817,16
2020-07-05,1007,20,796,94,1359,1853,56,184,3000,645,97,820,960,155,6753,215,398,2911,80,1423,32244,513,15211,381,534,284,23,1051,1111,1508,1508,8183,3243,109,721,120559,585,284,2693,7020,93,19,2860,3731,559,512,4335,1701,6373,287,1825,16
2020-07-06,1007,20,796,95,1369,1853,56,190,3062,652,97,827,960,155,6754,215,399,2927,80,1432,32261,515,15229,382,537,283,23,1051,1114,1511,1511,8198,3246,109,723,120902,593,285,2698,7026,94,19,2878,3778,561,512,4338,1691,6441,292,1829,16
2020-07-07,1033,21,805,95,1384,1881,56,194,3192,665,98,846,969,157,6787,220,404,2970,84,1446,32283,519,15281,384,548,282,23,1067,1158,1514,1514,8213,3266,110,732,122067,602,289,2717,7273,94,19,2899,3841,561,514,4338,1696,6573,301,1927,17
2020-07-08,1058,21,807,95,1394,1905,56,201,3319,685,98,884,971,159,6812,224,407,2991,85,1462,32304,527,15332,386,553,282,23,1069,1188,1523,1523,8243,3275,110,736,122899,608,289,2732,7309,98,19,2922,3889,564,515,4343,1704,6718,305,1963,17
2020-07-09,1068,21,809,95,1409,1937,56,205,3472,710,101,905,974,159,6848,230,410,3006,85,1477,32327,533,15448,387,571,284,25,1073,1204,1528,1528,8268,3288,111,741,123873,612,293,2739,7329,100,19,2930,4009,568,517,4348,1706,6859,309,2038,17
2020-07-10,1104,21,814,95,1424,1958,56,207,3556,723,107,929,976,159,6880,232,416,3032,85,1497,32369,539,15479,390,579,286,28,1084,1215,1533,1533,8296,3303,111,743,124658,620,293,2748,7345,101,19,2965,4102,568,517,4348,1724,6955,313,2082,17
2020-07-11,1114,21,821,96,1424,1962,56,212,3638,738,109,951,976,167,6897,232,421,3036,87,1513,32380,543,15525,391,592,285,29,1091,1230,1537,1537,8310,3310,112,748,125295,622,295,2756,7369,102,19,2996,4197,568,517,4348,1725,7027,319,2151,17
2020-07-12,1121,21,820,96,1438,1966,56,215,3739,741,109,961,976,167,6904,234,422,3058,87,1522,32395,545,15525,391,593,285,29,1092,1249,1540,1540,8325,3319,114,752,125738,625,297,2760,7388,102,19,3003,4242,568,517,4348,1725,7051,321,2237,17
2020-07-13,1124,21,820,97,1399,1968,56,216,3827,749,109,972,984,167,6911,237,424,3064,87,1529,32418,548,15560,391,593,288,32,1105,1250,1542,1542,8330,3325,114,755,126090,629,298,2762,7394,102,22,3026,4277,568,517,4371,1727,7089,323,2246,17
2020-07-14,1164,22,826,97,1404,1977,56,226,3941,767,109,993,985,169,6931,244,428,3069,88,1571,32429,551,15582,392,612,286,34,1114,1272,1548,1548,8340,3334,114,757,126988,635,299,2775,7419,103,22,3054,4409,568,518,4372,1738,7250,331,2337,17
2020-07-15,1211,22,827,98,1421,1992,56,233,4104,783,111,998,987,171,6957,247,432,3075,88,1589,32448,557,15634,394,618,291,34,1119,1290,1558,1558,8368,3341,114,777,127931,645,304,2785,7427,110,22,3091,4521,571,521,4380,1744,7375,335,2434,17
2020-07-16,1230,24,831,99,1427,2007,56,234,4265,796,115,1070,988,172,6984,249,438,3103,89,1607,32457,562,15665,395,626,299,35,1121,1308,1566,1566,8380,3347,114,781,128831,650,305,2795,7452,114,22,3105,4677,574,521,4389,1745,7489,341,2492,17
2020-07-17,1265,24,833,100,1434,2013,56,235,4440,815,116,1096,990,177,7004,254,445,3112,90,1623,32484,565,15684,395,637,301,37,1125,1332,1573,1573,8402,3359,115,785,129729,658,306,2803,7465,118,23,3132,4805,577,521,4396,1751,7603,353,2583,17
2020-07-18,1286,24,843,100,1444,2025,56,243,4576,838,116,1135,990,178,7015,257,451,3132,90,1648,32497,569,15699,396,646,301,37,1136,1346,1578,1578,8419,3368,117,789,130586,667,308,2820,7483,119,24,3169,4895,578,523,4396,1752,7702,357,2730,18
2020-07-19,1287,25,844,100,1447,2027,56,243,4679,843,118,1155,990,178,7022,260,451,3174,92,1652,32516,571,15706,398,647,301,37,1136,1355,1581,1581,8431,3377,117,793,130996,670,309,2822,7488,119,24,3174,4982,578,523,4396,1752,7715,357,2761,18
2020-07-20,1291,24,846,100,1453,2031,56,247,4796,847,118,1164,995,180,7025,262,452,3189,93,1677,32527,578,15715,398,648,313,39,1138,1358,1585,1585,8433,3382,117,798,131469,671,312,2825,7494,122,24,3177,5072,579,523,4406,1758,7770,363,2784,18
2020-07-21,1303,25,859,101,1465,2048,56,251,4916,871,118,1221,996,180,7051,269,461,3219,94,1705,32539,588,15737,400,676,310,40,1148,1389,1588,1588,8450,3402,118,806,132527,674,316,2846,7517,126,24,3254,5206,580,525,4406,1763,7888,374,2918,18
2020-07-22,1364,25,865,101,1468,2051,56,260,5172,888,119,1285,997,185,7077,271,474,3235,96,1732,32582,591,15707,402,704,311,42,1159,1423,1592,1592,8468,3405,118,814,133672,677,321,2863,7540,135,25,3335,5345,580,527,4406,1771,8047,380,2974,19
2020-07-23,1397,25,878,102,1482,2054,56,267,5362,925,121,1334,1001,188,7093,273,477,3256,97,1756,32591,596,15730,405,709,316,43,1189,1436,1601,1601,8484,3409,118,820,134742,684,322,2880,7560,138,26,3361,5518,581,529,4410,1786,8201,386,3063,19
2020-07-24,1438,25,878,103,1495,2067,56,273,5523,938,122,1385,1002,191,7116,282,484,3297,99,1789,32602,601,15765,407,722,316,46,1195,1463,1606,1606,8498,3422,118,826,135832,691,330,2884,7577,144,26,3443,5653,581,578,4413,1790,8337,394,3143,19
2020-07-25,1456,25,891,103,1494,2075,56,274,5705,964,122,1465,1002,201,7124,285,496,3297,99,1811,32612,607,15776,409,732,316,46,1200,1478,1611,1611,8510,3433,119,826,136732,696,329,2895,7589,146,26,3494,5777,581,579,4413,1794,8408,399,3286,20
2020-07-26,1473,25,892,103,1501,2078,56,274,5798,967,123,1491,1002,201,7127,289,496,3307,99,1817,32629,614,15787,409,734,316,46,1209,1493,1614,1614,8529,3440,119,829,137154,700,331,2903,7590,146,26,3498,5854,581,579,4413,1794,8448,401,3305,20
2020-07-27,1491,25,893,104,1518,2082,56,281,6483,978,123,1506,1004,201,7131,289,496,3344,99,1838,32639,619,15804,409,739,317,47,1221,1498,1616,1616,8536,3447,119,836,138244,709,333,2906,7608,152,26,3509,5931,582,579,4418,1799,8494,408,3304,21
2020-07-28,1491,26,906,108,1548,2095,56,286,6753,999,123,1565,1005,209,7154,303,509,3382,100,1860,32653,626,15825,409,759,321,51,1232,1540,1620,1620,8551,3458,121,839,139569,719,340,2924,7638,160,26,3563,6117,583,580,4423,1807,8679,428,3408,22
2020-07-29,1538,26,911,111,1555,2125,56,292,7066,1020,129,1615,1007,211,7171,311,523,3422,102,1888,32654,632,15798,411,780,324,54,1239,1563,1629,1629,8580,3478,121,854,140920,724,349,2932,7654,173,26,3642,6333,584,581,4425,1822,8908,434,3454,22
2020-07-30,1565,26,919,112,1564,2141,57,300,7189,1033,129,1667,1007,214,7194,316,536,3442,103,1922,32672,635,15809,415,801,328,55,1255,1611,1634,1634,8580,3488,122,865,142058,731,357,2946,7670,177,26,3671,6586,584,581,4431,1822,9026,442,3626,23
2020-07-31,1580,26,934,116,1564,2174,57,304,7309,1060,130,1712,1007,219,7207,322,541,3489,103,1942,32675,642,15819,415,830,332,60,1265,1663,1640,1640,8609,3493,123,872,143269,735,358,2965,7692,188,26,3752,6843,585,585,4432,1838,9214,453,3694,23
2020-08-01,1603,26,947,116,1592,2215,57,310,7576,1067,134,1751,1007,225,7219,325,549,3515,103,1979,32684,651,15830,416,832,332,61,1276,1693,1646,1646,8626,3506,123,874,144377,740,358,2971,7700,197,26,3825,7022,585,585,4432,1844,9345,458,3747,24
2020-08-02,1627,26,948,117,1596,2218,57,311,7581,1073,135,1777,1007,230,7223,326,550,3529,105,1983,32697,654,15836,417,832,332,61,1276,1703,1654,1654,8638,3515,123,878,144719,742,361,2975,7714,197,26,3840,7084,586,585,4432,1844,9396,464,3765,24
2020-08-03,1633,27,949,117,1600,2218,57,314,7718,1092,135,1793,1010,230,7224,328,551,3539,105,2043,32697,655,15846,417,847,328,64,1279,1711,1656,1656,8648,3523,124,884,145216,744,367,2980,7723,200,26,3842,7157,586,585,4437,1844,9441,475,3779,25
2020-08-04,1666,27,961,124,1619,2244,57,321,7952,1117,136,1847,1011,237,7248,333,566,3570,107,2061,32703,658,15857,418,862,332,64,1290,1753,1660,1660,8657,3530,123,888,146562,751,368,2996,7742,210,27,3921,7402,587,587,4437,1849,9684,490,3845,25
2020-08-05,1695,27,970,124,1624,2274,57,327,8310,1144,137,1894,1012,246,7254,338,583,3596,108,2085,32736,667,15842,418,890,340,65,1297,1804,1670,1670,8659,3536,124,900,147882,752,372,3007,7770,217,27,3984,7627,587,587,4437,1851,9808,508,3932,25
2020-08-06,1714,27,978,124,1653,2299,58,330,8569,1186,141,1942,1014,258,7282,339,593,3618,109,2126,32741,669,15849,419,900,340,65,1302,1825,1677,1677,8691,3551,124,912,149051,760,378,3013,7791,223,29,4026,7747,587,587,4437,1852,10021,515,4002,25
2020-08-07,1735,28,990,127,1672,2317,58,335,8847,1206,144,1962,1014,265,7296,348,600,3652,110,2160,32744,675,15849,419,920,345,70,1324,1848,1681,1681,8709,3565,124,915,150213,764,379,3023,7822,229,31,4117,7927,589,588,4441,1857,10133,521,4081,25
2020-08-08,1755,28,996,131,1688,2322,58,335,9058,1215,146,2007,1014,274,7310,355,603,3668,112,2184,32753,681,15869,419,949,345,75,1327,1874,1689,1689,8721,3577,125,927,151293,772,380,3036,7840,235,31,4186,8109,590,590,4441,1857,10307,535,4137,26
2020-08-09,1768,28,998,139,1688,2326,58,336,9157,1223,146,2031,1014,279,7311,356,603,3669,112,2192,32755,685,15874,419,957,345,75,1334,1896,1698,1698,8735,3585,125,931,151749,773,380,3041,7845,237,31,4199,8186,591,591,4441,1858,10377,544,4150,26
2020-08-10,1797,28,998,141,1697,2327,58,345,9230,1233,146,2048,1015,279,7314,357,605,3673,113,2199,32764,690,15878,419,963,348,75,1341,1912,1701,1701,8741,3591,125,934,152239,775,386,3044,7846,239,34,4229,8277,591,591,4444,1862,10476,555,4154,26
2020-08-11,1847,29,1006,147,1716,2344,58,349,9222,1271,146,2098,1016,287,7343,368,618,3708,118,2238,32770,693,15890,419,981,351,77,1346,1944,1707,1707,8751,3604,126,946,153263,783,393,3069,7866,246,34,4351,8553,593,591,4444,1874,10523,566,4199,26
2020-08-12,1882,29,1011,153,1724,2352,58,351,9527,1289,147,2144,1018,295,7380,375,627,3734,120,2280,32778,695,15885,420,996,356,80,1354,1989,1724,1724,8769,3612,126,953,154715,790,397,3086,7881,246,38,4456,8765,593,592,4450,1875,10753,572,4347,27
2020-08-13,1890,30,1018,153,1736,2363,58,353,9771,1313,148,2184,1019,306,7395,383,638,3755,120,2287,32780,697,15893,422,1030,360,81,1356,2011,1731,1731,8790,3620,126,960,155717,796,403,3105,7905,251,40,4538,8913,594,593,4450,1882,10870,582,4383,27
2020-08-14,1893,30,1025,157,1755,2370,58,360,10078,1326,150,2204,1021,317,7434,385,644,3784,121,2313,32798,703,15903,423,1045,361,81,1365,2043,1739,1739,8810,3631,126,970,157015,804,404,3113,7932,265,40,4573,9141,594,593,4453,1888,11148,587,4423,27
2020-08-15,1896,30,1038,160,1766,2381,58,363,10268,1345,152,2260,1021,329,7451,386,657,3824,121,2343,32809,711,15910,423,1069,361,82,1378,2080,1705,1705,8826,3636,127,975,158027,810,406,3128,7937,269,40,4669,9345,597,593,4453,1896,11218,600,4492,28
2020-08-16,1898,30,1039,160,1781,2381,58,363,10396,1366,153,2269,1021,335,7453,388,661,3826,125,2347,32816,714,15912,423,1072,361,82,1383,2084,1752,1752,8838,3639,127,975,158515,810,406,3133,7955,269,40,4702,9452,597,593,4453,1896,11243,599,4506,28
2020-08-17,1925,30,1039,160,1785,2385,58,364,10447,1387,153,2288,1023,335,7453,388,665,3832,126,2348,32823,718,15916,423,1077,362,82,1415,2095,1758,1758,8842,3641,127,987,158942,818,406,3135,7967,273,40,4727,9539,597,593,4456,1896,11296,603,4506,28
2020-08-18,1936,30,1039,162,1808,2396,58,369,10678,1424,154,2343,1024,346,7474,397,679,3866,128,2396,32835,723,15925,424,1102,369,84,1425,2127,1767,1767,8848,3650,127,1002,160218,830,411,3165,7994,282,41,4794,9758,599,593,4456,1899,11504,619,4529,29
2020-08-19,1944,34,1060,166,1822,2410,58,377,10934,1452,155,2360,1027,356,7508,408,699,3907,130,2431,32840,729,15926,427,1134,371,84,1434,2163,1784,1784,8876,3661,127,1010,161502,842,415,3180,8017,289,42,4849,9932,600,595,4457,1900,11690,631,4634,29
2020-08-20,1974,34,1067,167,1837,2427,58,381,11174,1488,157,2401,1028,367,7520,412,709,3929,130,2465,32837,734,15932,428,1172,373,89,1442,2190,1791,1791,8888,3669,128,1016,162532,856,419,3191,8044,296,45,4904,10049,601,595,4458,1903,11810,641,4684,29
2020-08-21,1996,37,1068,171,1850,2436,58,383,11415,1549,159,2459,1030,374,7537,414,715,3955,132,2494,32833,739,15941,428,1185,376,89,1445,2214,1799,1799,8901,3674,129,1029,163580,864,426,3208,8066,305,46,4998,10168,602,600,4460,1910,11946,663,4688,30
2020-08-22,2011,37,1081,177,1857,2443,58,385,11578,1563,160,2493,1030,381,7555,417,725,3975,135,2521,32839,743,15943,429,1197,376,90,1451,2237,1807,1807,8921,3685,130,1033,164541,872,426,3218,8083,306,47,5092,10274,604,600,4460,1918,12131,674,4756,31
2020-08-23,2013,37,1081,179,1863,2467,58,385,11696,1567,161,2504,1030,390,7557,417,726,3978,136,2531,32851,745,15946,429,1197,378,90,1453,2240,1813,1813,8921,3691,131,1037,164928,872,426,3220,8089,307,47,5132,10325,604,600,4460,1918,12153,687,4771,32
2020-08-24,2024,37,1081,179,1867,2471,58,390,11742,1588,161,2511,1035,390,7557,420,730,3986,137,2535,32852,749,15946,429,1200,383,91,1453,2248,1817,1817,8949,3694,131,1047,165344,884,429,3225,8097,314,49,5156,10397,604,604,4460,1919,12235,696,4771,32
2020-08-25,2037,37,1094,187,1876,2494,58,397,11935,1628,161,2529,1039,395,7582,428,744,3996,138,2570,32881,752,15953,429,1230,383,97,1470,2315,1825,1825,8961,3707,131,1059,166528,895,430,3241,8126,326,49,5262,10580,604,603,4463,1926,12382,711,4792,36
2020-08-26,2045,37,1100,190,1880,2515,58,401,12140,1648,162,2573,1041,404,7613,433,763,4044,138,2606,32887,755,15914,429,1250,386,98,1481,2373,1840,1840,8987,3717,132,1071,167679,902,442,3259,8163,337,51,5311,10733,605,604,4463,1927,12532,732,4896,37
2020-08-27,2076,37,1111,198,1890,2527,58,403,12365,1673,162,2628,1044,412,7622,438,778,4076,139,2630,32887,764,15921,431,1271,391,98,1488,2399,1855,1855,9008,3722,132,1091,168749,910,444,3266,8186,343,55,5393,10868,605,604,4465,1931,12677,739,4929,37
2020-08-28,2107,37,1113,201,1905,2550,58,407,12537,1701,165,2655,1046,424,7642,447,786,4105,139,2652,32890,767,15930,432,1287,392,100,1500,2413,1859,1859,9024,3727,132,1108,169682,918,445,3277,8206,353,59,5471,10957,605,604,4465,1937,12805,756,4978,37
2020-08-29,2152,37,1119,215,1905,2568,58,407,12607,1725,167,2698,1046,428,7656,454,797,4252,141,2683,32891,769,15933,432,1302,392,104,1528,2427,1863,1863,9036,3746,132,1100,170636,921,449,3285,8217,358,62,5576,11105,605,604,4465,1942,12894,772,5007,37
2020-08-30,2162,37,1122,214,1905,2569,58,407,12683,1747,167,2709,1046,434,7658,458,799,4129,142,2692,32909,770,15937,432,1302,392,104,1533,2441,1865,1865,9049,3752,132,1113,170883,929,449,3291,8228,359,63,5604,11119,606,604,4465,1942,12937,784,5030,37
2020-08-31,2182,37,1122,215,1915,2580,58,407,12779,1754,167,2720,1048,434,7659,459,800,4139,143,2702,32957,779,15945,432,1305,397,104,1547,2473,1866,1866,9060,3755,132,1120,171430,933,451,3296,8235,361,70,5633,11187,607,605,4465,1945,13022,797,5029,37
2020-09-01,2200,37,1130,224,1931,2612,58,409,12919,1781,167,2757,1050,435,7678,464,808,4166,145,2741,32966,787,15950,432,1313,399,105,1562,2493,1871,1871,9064,3761,132,1125,172441,948,456,3312,8273,367,74,5733,11374,607,605,4466,1946,13150,814,5044,39
2020-09-02,2217,41,1142,233,1935,2641,58,410,13104,1797,169,2794,1051,443,7705,468,821,4176,148,2779,32972,790,15964,432,1336,399,109,1578,2526,1882,1882,9060,3766,133,1133,173458,966,461,3325,8300,372,75,5795,11501,608,606,4467,1952,13317,841,5065,39
2020-09-03,2233,41,1146,240,1945,2652,58,414,13296,1815,169,2807,1055,448,7724,470,835,4226,150,2803,32976,791,15971,432,1363,404,111,1586,2536,1889,1889,9077,3778,133,1136,174491,976,471,3332,8324,372,79,5868,11650,609,606,4468,1955,13493,861,5130,40
2020-09-04,2266,42,1153,245,1953,2662,58,419,13426,1837,170,2846,1055,455,7735,475,846,4248,150,2839,32982,794,15978,432,1375,404,114,1607,2558,1899,1899,9100,3789,134,1158,175427,987,478,3350,8362,382,81,5931,11750,611,606,4468,1955,13638,873,5171,40
2020-09-05,2275,42,1168,246,1953,2677,58,420,13576,1862,173,2877,1055,464,7750,480,850,4256,155,2889,32987,800,15985,432,1388,404,116,1668,2569,1903,1903,9116,3796,134,1164,176200,993,480,3362,8385,384,84,5977,11811,611,608,4468,1971,13709,882,5207,42
2020-09-06,2276,42,1168,249,1953,2678,58,422,13654,1865,173,2887,1055,477,7750,481,853,4259,156,2890,32987,803,15989,433,1389,404,117,1685,2584,1909,1909,9125,3799,134,1167,176544,996,481,3364,8390,385,85,6037,11849,611,609,4468,1972,13731,894,5221,42
2020-09-07,2276,42,1168,248,1953,2684,58,423,13697,1869,173,2907,1055,477,7771,482,853,4276,156,2897,33002,807,15991,433,1393,404,118,1687,2585,1912,1912,9133,3804,134,1170,176793,996,483,3368,8398,385,86,6044,11871,611,609,4468,1973,13758,908,5219,42
2020-09-08,2277,42,1168,252,1953,2686,58,424,13792,1896,173,2912,1059,482,7780,486,854,4298,156,2909,33016,807,15996,433,1393,407,119,1690,2585,1914,1914,9141,3807,134,1185,177218,997,484,3380,8405,389,88,6070,11915,611,609,4474,1973,13823,917,5221,42
2020-09-09,2285,42,1183,255,1978,2697,58,427,13923,1931,173,2942,1062,500,7794,494,863,4324,157,2958,33019,813,16008,433,1412,421,122,1702,2623,1921,1921,9146,3816,134,1204,178311,1013,499,3397,8433,420,91,6128,12110,615,609,4474,1977,13983,928,5251,42
2020-09-10,2301,42,1193,258,1985,2708,58,430,13930,1988,177,2975,1067,512,7807,497,876,4354,160,2990,33019,816,16014,434,1429,430,123,1713,2656,1936,1936,9166,3824,134,1207,179184,1035,503,3410,8461,407,94,6204,12326,616,613,4478,1979,14077,940,5273,42
2020-09-11,2333,42,1197,264,1991,2711,58,431,14227,2025,177,3028,1071,523,7829,499,888,4403,164,3023,33019,818,16023,434,1439,437,131,1720,2670,1949,1949,9180,3828,134,1216,180335,1044,516,3420,8505,412,96,6246,12502,616,613,4480,1985,14230,953,5288,43
2020-09-12,2350,42,1209,266,1991,2722,58,433,14332,2064,183,3040,1071,535,7829,505,899,4411,167,3047,33023,821,16027,435,1449,437,133,1728,2685,1958,1958,9196,3836,135,1218,181028,1057,526,3437,8527,415,97,6287,12600,616,613,4480,1988,14327,969,5315,44
2020-09-13,2351,42,1210,267,1991,2724,58,433,14405,2078,184,3064,1071,539,7829,509,905,4415,168,3052,33023,823,16031,436,1452,434,135,1731,2697,1971,1971,9210,3838,136,1220,181371,1060,528,3438,8541,415,99,6333,12608,616,615,4480,1988,14378,981,5322,44
2020-09-14,2355,42,1210,278,2006,2743,58,436,14451,2097,184,3077,1075,542,7855,509,905,4419,170,3060,33030,823,16034,436,1456,435,138,1738,2706,1974,1974,9219,3839,136,1224,181749,1065,542,3439,8546,419,99,6353,12642,616,617,4485,1990,14439,992,5322,44
2020-09-15,2387,42,1220,283,2015,2837,58,436,14593,2127,184,3098,1078,551,7860,519,912,4506,172,3111,33038,830,16043,438,1482,436,140,1756,2734,1979,1979,9225,3849,137,1234,182983,1074,557,3460,8564,423,100,6397,12787,616,618,4485,1996,14594,1150,5344,44
2020-09-16,2392,50,1227,293,2020,2882,58,437,14738,2151,192,3132,1081,570,7882,521,924,4555,177,3149,33042,832,16054,438,1494,439,141,1765,2756,1985,1985,9245,3855,138,1248,183915,1082,578,3472,8599,429,103,6419,12939,617,619,4487,2002,14691,1157,5371,44
2020-09-17,2401,49,1230,297,2031,2918,58,437,14826,2164,193,3158,1085,588,7893,521,930,4580,182,3180,33070,836,16057,438,1506,442,143,1782,2780,1994,1994,9260,3861,138,1250,184750,1093,582,3478,8624,434,107,6474,13086,619,619,4488,2006,14804,1166,5409,44
2020-09-18,2428,49,1238,300,2037,2947,58,437,14951,2196,195,3177,1088,599,7921,521,939,4608,184,3207,33085,841,16061,438,1524,442,146,1810,2792,2002,2002,9269,3869,138,1264,185646,1101,594,3495,8647,438,120,6536,13225,619,620,4492,2009,14893,1173,5451,45
2020-09-19,2437,49,1241,311,2037,2988,58,440,15051,2216,200,3188,1088,605,7940,525,943,4612,192,3235,33081,847,16064,438,1528,442,156,1825,2809,2015,2015,9295,3876,139,1265,186343,1108,594,3503,8672,441,120,6599,13287,619,621,4492,2013,15018,1181,5467,45
2020-09-20,2437,49,1242,314,2037,3013,58,440,15088,2218,202,3199,1088,608,7960,526,946,4615,192,3243,33087,849,16067,438,1531,442,157,1826,2810,2017,2017,9310,3879,139,1265,186543,1111,595,3506,8686,443,120,6602,13296,620,621,4492,2014,15016,1181,5477,45
2020-09-21,2439,49,1244,315,2049,3019,58,441,15127,2233,202,3212,1097,609,7985,529,948,4623,193,3247,33092,851,16069,438,1531,452,160,1838,2810,2021,2021,9317,3883,140,1284,186868,1112,601,3512,8693,447,120,6604,13317,621,627,4495,2018,15056,1197,5478,45
2020-09-22,2457,49,1251,320,2070,3058,58,443,15229,2261,202,3243,1099,613,8002,532,962,4635,196,3286,33090,854,16076,438,1546,461,163,1867,2846,2031,2031,9328,3895,140,1293,187747,1119,614,3520,8722,451,120,6673,13416,621,628,4496,2025,15189,1209,5498,45
2020-09-23,2488,50,1259,322,2081,3087,58,444,15372,2277,202,3262,1102,617,8038,538,970,4687,203,3316,33090,857,16082,438,1556,462,165,1938,2870,2037,2037,9347,3902,140,1298,188804,1124,620,3530,8744,454,122,6769,13618,621,629,4497,2030,15291,1229,5525,45